-- MySQL dump 10.13  Distrib 5.5.24, for Win32 (x86)
--
-- Host: localhost    Database: mydb
-- ------------------------------------------------------
-- Server version	5.5.24

/*!40101 SET @OLD_CHARACTER_SET_CLIENT=@@CHARACTER_SET_CLIENT */;
/*!40101 SET @OLD_CHARACTER_SET_RESULTS=@@CHARACTER_SET_RESULTS */;
/*!40101 SET @OLD_COLLATION_CONNECTION=@@COLLATION_CONNECTION */;
/*!40101 SET NAMES utf8 */;
/*!40103 SET @OLD_TIME_ZONE=@@TIME_ZONE */;
/*!40103 SET TIME_ZONE='+00:00' */;
/*!40014 SET @OLD_UNIQUE_CHECKS=@@UNIQUE_CHECKS, UNIQUE_CHECKS=0 */;
/*!40014 SET @OLD_FOREIGN_KEY_CHECKS=@@FOREIGN_KEY_CHECKS, FOREIGN_KEY_CHECKS=0 */;
/*!40101 SET @OLD_SQL_MODE=@@SQL_MODE, SQL_MODE='NO_AUTO_VALUE_ON_ZERO' */;
/*!40111 SET @OLD_SQL_NOTES=@@SQL_NOTES, SQL_NOTES=0 */;

--
-- Current Database: `mydb`
--

CREATE DATABASE /*!32312 IF NOT EXISTS*/ `BDDENTREPOT` /*!40100 DEFAULT CHARACTER SET latin1 */;

USE `BDDENTREPOT`;

--
-- Table structure for table `departementbac`
--

DROP TABLE IF EXISTS `departementbac`;
/*!40101 SET @saved_cs_client     = @@character_set_client */;
/*!40101 SET character_set_client = utf8 */;
CREATE TABLE `departementbac` (
  `departement` varchar(50) NOT NULL,
  `region` varchar(50) DEFAULT 'non renseigné',
  `pays` varchar(50) DEFAULT 'non renseigné',
  PRIMARY KEY (`departement`)
) ENGINE=InnoDB DEFAULT CHARSET=latin1;
/*!40101 SET character_set_client = @saved_cs_client */;

--
-- Dumping data for table `departementbac`
--

LOCK TABLES `departementbac` WRITE;
/*!40000 ALTER TABLE `departementbac` DISABLE KEYS */;
INSERT INTO `departementbac` VALUES ('10','CHAMPAGNE-ARDENNE','FRANCE'),('12','MIDI-PYRENEES','FRANCE'),('13','PROVENCE-ALPES-COTE D\'AZUR','FRANCE'),('15','AUVERGNE','FRANCE'),('17','POITOU-CHARENTES','FRANCE'),('18','CENTRE','FRANCE'),('19','LIMOUSIN','FRANCE'),('21','BOURGOGNE','FRANCE'),('24','AQUITAINE','FRANCE'),('25','FRANCHE-COMTE','FRANCE'),('26','RHONE-ALPES','FRANCE'),('27','HAUTE-NORMANDIE','FRANCE'),('28','CENTRE','FRANCE'),('29','BRETAGNE','FRANCE'),('30','LANGUEDOC-ROUSSILLON','FRANCE'),('31','MIDI-PYRENEES','FRANCE'),('33','AQUITAINE','FRANCE'),('34','LANGUEDOC-ROUSSILLON','FRANCE'),('35','BRETAGNE','FRANCE'),('36','CENTRE','FRANCE'),('37','CENTRE','FRANCE'),('38','RHONE-ALPES','FRANCE'),('40','AQUITAINE','FRANCE'),('41','CENTRE','FRANCE'),('42','RHONE-ALPES','FRANCE'),('43','AUVERGNE','FRANCE'),('44','PAYS DE LA LOIRE','FRANCE'),('45','CENTRE','FRANCE'),('47','AQUITAINE','FRANCE'),('48','LANGUEDOC-ROUSSILLON','FRANCE'),('49','PAYS DE LA LOIRE','FRANCE'),('50','BASSE-NORMANDIE','FRANCE'),('51','CHAMPAGNE-ARDENNE','FRANCE'),('56','BRETAGNE','FRANCE'),('57','LORRAINE','FRANCE'),('58','BOURGOGNE','FRANCE'),('59','NORD-PAS-DE-CALAIS','FRANCE'),('60','PICARDIE','FRANCE'),('62','NORD-PAS-DE-CALAIS','FRANCE'),('63','AUVERGNE','FRANCE'),('64','AQUITAINE','FRANCE'),('65','MIDI-PYRENEES','FRANCE'),('66','LANGUEDOC-ROUSSILLON','FRANCE'),('68','ALSACE','FRANCE'),('69','RHONE-ALPES','FRANCE'),('72','PAYS DE LA LOIRE','FRANCE'),('73','RHONE-ALPES','FRANCE'),('74','RHONE-ALPES','FRANCE'),('75','ILE-DE-FRANCE','FRANCE'),('76','HAUTE-NORMANDIE','FRANCE'),('77','ILE-DE-FRANCE','FRANCE'),('78','ILE-DE-FRANCE','FRANCE'),('81','MIDI-PYRENEES','FRANCE'),('83','PROVENCE-ALPES-COTE D\'AZUR','FRANCE'),('84','PROVENCE-ALPES-COTE D\'AZUR','FRANCE'),('86','POITOU-CHARENTES','FRANCE'),('87','LIMOUSIN','FRANCE'),('88','LORRAINE','FRANCE'),('89','BOURGOGNE','FRANCE'),('90','FRANCHE-COMTE','FRANCE'),('91','ILE-DE-FRANCE','FRANCE'),('92','ILE-DE-FRANCE','FRANCE'),('93','ILE-DE-FRANCE','FRANCE'),('95','ILE-DE-FRANCE','FRANCE'),('974','LA REUNION','FRANCE');
/*!40000 ALTER TABLE `departementbac` ENABLE KEYS */;
UNLOCK TABLES;

--
-- Table structure for table `domaine`
--

DROP TABLE IF EXISTS `domaine`;
/*!40101 SET @saved_cs_client     = @@character_set_client */;
/*!40101 SET character_set_client = utf8 */;
CREATE TABLE `domaine` (
  `sousDomaine` varchar(50) NOT NULL,
  `domaine` varchar(50) DEFAULT 'non renseigné',
  PRIMARY KEY (`sousDomaine`)
) ENGINE=InnoDB DEFAULT CHARSET=latin1;
/*!40101 SET character_set_client = @saved_cs_client */;

--
-- Dumping data for table `domaine`
--

LOCK TABLES `domaine` WRITE;
/*!40000 ALTER TABLE `domaine` DISABLE KEYS */;
/*!40000 ALTER TABLE `domaine` ENABLE KEYS */;
UNLOCK TABLES;

--
-- Table structure for table `entreprise`
--

DROP TABLE IF EXISTS `entreprise`;
/*!40101 SET @saved_cs_client     = @@character_set_client */;
/*!40101 SET character_set_client = utf8 */;
CREATE TABLE `entreprise` (
  `nomEntreprise` varchar(50) NOT NULL,
  `groupe` varchar(50) DEFAULT 'non renseigné',
  `domaine` varchar(50) DEFAULT 'non renseigné',
  `type` varchar(50) DEFAULT 'non renseigné',
  `ville` varchar(50) DEFAULT 'non renseigné',
  `departement` varchar(50) DEFAULT 'non renseigné',
  `region` varchar(50) DEFAULT 'non renseigné',
  `pays` varchar(50) DEFAULT 'non renseigné',
  PRIMARY KEY (`nomEntreprise`)
) ENGINE=InnoDB DEFAULT CHARSET=latin1;
/*!40101 SET character_set_client = @saved_cs_client */;

--
-- Dumping data for table `entreprise`
--

LOCK TABLES `entreprise` WRITE;
/*!40000 ALTER TABLE `entreprise` DISABLE KEYS */;
/*!40000 ALTER TABLE `entreprise` ENABLE KEYS */;
UNLOCK TABLES;

--
-- Table structure for table `faits`
--

DROP TABLE IF EXISTS `faits`;
/*!40101 SET @saved_cs_client     = @@character_set_client */;
/*!40101 SET character_set_client = utf8 */;
CREATE TABLE `faits` (
  `id` int(11) NOT NULL AUTO_INCREMENT,
  `sexe` varchar(50) DEFAULT 'non renseigné',
  `nationalité` varchar(50) DEFAULT 'non renseigné',
  `lv2` varchar(50) DEFAULT 'non renseigné',
  `lv3` varchar(50) DEFAULT 'non renseigné',
  `age` varchar(50) DEFAULT 'non renseigné',
  `provenanceScolaire` varchar(50) DEFAULT 'non renseigné',
  `etudiant` varchar(50) DEFAULT 'non renseigné',
  `redoublant` varchar(50) DEFAULT 'non renseigné',
  `statut` varchar(50) DEFAULT 'non renseigné',
  `anneeScolaire` varchar(50) DEFAULT 'non renseigné',
  `CSPparents` varchar(100) DEFAULT 'non renseigné',
  `anneeBac` varchar(50) DEFAULT 'non renseigné',
  `mentionBac` varchar(50) DEFAULT 'non renseigné',
  `typeBac` varchar(50) DEFAULT 'non renseigné',
  `deptBac` varchar(50) DEFAULT 'non renseigné',
  `entrepriseStage` varchar(50) DEFAULT 'non renseigné',
  `entrepriseProjet` varchar(50) DEFAULT 'non renseigné',
  `niveau` varchar(50) DEFAULT 'non renseigné',
  `domaineProjet` varchar(50) DEFAULT 'non renseigné',
  `domaineStage` varchar(50) DEFAULT 'non renseigné',
  `classement` varchar(50) DEFAULT 'non renseigné',
  `moyenne` varchar(50) DEFAULT 'non renseigné',
  PRIMARY KEY (`id`),
  UNIQUE KEY `SECOND` (`etudiant`,`anneeScolaire`),
  KEY `FKnationalite` (`nationalité`),
  KEY `FKprovenanceScolaire` (`provenanceScolaire`),
  KEY `FKdepartementBac` (`deptBac`),
  KEY `FKentrepriseStage` (`entrepriseStage`),
  KEY `FKentrepriseProjet` (`entrepriseProjet`),
  KEY `FKniveau` (`niveau`),
  KEY `FKdomaineProjet` (`domaineProjet`),
  KEY `FKdomaineStage` (`domaineStage`),
  CONSTRAINT `FKdepartementBac` FOREIGN KEY (`deptBac`) REFERENCES `departementbac` (`departement`) ON DELETE NO ACTION ON UPDATE NO ACTION,
  CONSTRAINT `FKdomaineProjet` FOREIGN KEY (`domaineProjet`) REFERENCES `domaine` (`sousDomaine`) ON DELETE NO ACTION ON UPDATE NO ACTION,
  CONSTRAINT `FKdomaineStage` FOREIGN KEY (`domaineStage`) REFERENCES `domaine` (`sousDomaine`) ON DELETE NO ACTION ON UPDATE NO ACTION,
  CONSTRAINT `FKentrepriseProjet` FOREIGN KEY (`entrepriseProjet`) REFERENCES `entreprise` (`nomEntreprise`) ON DELETE NO ACTION ON UPDATE NO ACTION,
  CONSTRAINT `FKentrepriseStage` FOREIGN KEY (`entrepriseStage`) REFERENCES `entreprise` (`nomEntreprise`) ON DELETE NO ACTION ON UPDATE NO ACTION,
  CONSTRAINT `FKnationalite` FOREIGN KEY (`nationalité`) REFERENCES `nationalite` (`nationalite`) ON DELETE NO ACTION ON UPDATE NO ACTION,
  CONSTRAINT `FKniveau` FOREIGN KEY (`niveau`) REFERENCES `niveau` (`niveau`) ON DELETE NO ACTION ON UPDATE NO ACTION,
  CONSTRAINT `FKprovenanceScolaire` FOREIGN KEY (`provenanceScolaire`) REFERENCES `provenancescolaire` (`provenance`) ON DELETE NO ACTION ON UPDATE NO ACTION
) ENGINE=InnoDB AUTO_INCREMENT=26973 DEFAULT CHARSET=latin1;
/*!40101 SET character_set_client = @saved_cs_client */;

--
-- Dumping data for table `faits`
--

LOCK TABLES `faits` WRITE;
/*!40000 ALTER TABLE `faits` DISABLE KEYS */;
INSERT INTO `faits` VALUES (25641,'M','MAROCAIN(E)',NULL,NULL,'23',NULL,'2408064482U',NULL,NULL,'2010-2011',NULL,'2008',' ','31',NULL,NULL,NULL,NULL,NULL,NULL,NULL,NULL),(25642,'F','MAROCAIN(E)',NULL,NULL,'27',NULL,'0DJADJ0ZRB7',NULL,NULL,'2010-2011','Anciens cadres et professions intermédiaires','2004',' ','31',NULL,NULL,NULL,NULL,NULL,NULL,NULL,NULL),(25643,'M','FRANCAIS(E)',NULL,NULL,'22',NULL,'0801048119C',NULL,NULL,'2010-2011',NULL,'2008','TB','S   ','74',NULL,NULL,NULL,NULL,NULL,NULL,NULL),(25644,'M','FRANCAIS(E)',NULL,NULL,'22',NULL,'0401007382P',NULL,NULL,'2010-2011','Techniciens','2009','B ','S   ','40',NULL,NULL,NULL,NULL,NULL,NULL,NULL),(25645,'F','FRANCAIS(E)',NULL,NULL,'21',NULL,'2501031550E',NULL,NULL,'2010-2011','Chefs d\'entreprise de 10 salariés ou plus','2008','B ','S   ','58',NULL,NULL,NULL,NULL,NULL,NULL,NULL),(25646,'M','FRANCAIS(E)',NULL,NULL,'21',NULL,'1002020181W',NULL,NULL,'2010-2011',NULL,'2009','B ','S   ','42',NULL,NULL,NULL,NULL,NULL,NULL,NULL),(25647,'F','FRANCAIS(E)',NULL,NULL,'22',NULL,'1101003580X',NULL,NULL,'2010-2011','Anciens cadres et professions intermédiaires','2008','B ','S   ','30',NULL,NULL,NULL,NULL,NULL,NULL,NULL),(25648,'F','TUNISIEN(NE)',NULL,NULL,'24',NULL,'0DJADL1EUW8',NULL,NULL,'2010-2011',NULL,'2007',' ','31',NULL,NULL,NULL,NULL,NULL,NULL,NULL,NULL),(25649,'M','FRANCAIS(E)',NULL,NULL,'24',NULL,'2599075934M',NULL,NULL,'2010-2011',NULL,'2006','AB','S   ','91',NULL,NULL,NULL,NULL,NULL,NULL,NULL),(25650,'F','BRESILIEN(NE)',NULL,NULL,'23',NULL,'0DJADL1FFG8',NULL,NULL,'2010-2011',NULL,'2006',' ','31',NULL,NULL,NULL,NULL,NULL,NULL,NULL,NULL),(25651,'M','FRANCAIS(E)',NULL,NULL,'21',NULL,'1102025332X',NULL,NULL,'2010-2011',NULL,'2009','AB','S   ','34',NULL,NULL,NULL,NULL,NULL,NULL,NULL),(25652,'M','FRANCAIS(E)',NULL,NULL,'24',NULL,'2599084495T',NULL,NULL,'2010-2011',NULL,'2007','AB','S   ','75',NULL,NULL,NULL,NULL,NULL,NULL,NULL),(25653,'M','TUNISIEN(NE)',NULL,NULL,'22',NULL,'0DJADK18ZJ3',NULL,NULL,'2010-2011','Techniciens','2008',' ','31',NULL,NULL,NULL,NULL,NULL,NULL,NULL,NULL),(25654,'F','ALGERIEN(NE)',NULL,NULL,'23',NULL,'2300017470P',NULL,NULL,'2010-2011','Anciens artisans, commerçants, chefs d\'entreprise','2007','B ','S   ','83',NULL,NULL,NULL,NULL,NULL,NULL,NULL),(25655,'M','FRANCAIS(E)',NULL,NULL,'23',NULL,'1100020487T',NULL,NULL,'2010-2011',NULL,'2007','AB','S   ','48',NULL,NULL,NULL,NULL,NULL,NULL,NULL),(25656,'M','FRANCAIS(E)',NULL,NULL,'24',NULL,'0699001551V',NULL,NULL,'2010-2011',NULL,'2008','B ','STI ','63',NULL,NULL,NULL,NULL,NULL,NULL,NULL),(25657,'M','FRANCAIS(E)',NULL,NULL,'21',NULL,'1002020934P',NULL,NULL,'2010-2011','Inactifs divers (autres que retraités)','2009','AB','S   ','69',NULL,NULL,NULL,NULL,NULL,NULL,NULL),(25658,'M','FRANCAIS(E)',NULL,NULL,'24',NULL,'2599052699G',NULL,NULL,'2010-2011','Artisans','2007',' ','22','92',NULL,NULL,NULL,NULL,NULL,NULL,NULL),(25659,'M','FRANCAIS(E)',NULL,NULL,'21',NULL,'0808900710C',NULL,NULL,'2010-2011',NULL,'2009','TB','S   ','26',NULL,NULL,NULL,NULL,NULL,NULL,NULL),(25660,'M','FRANCAIS(E)',NULL,NULL,'22',NULL,'0700009643X',NULL,NULL,'2010-2011',NULL,'2007','B ','S   ','89',NULL,NULL,NULL,NULL,NULL,NULL,NULL),(25661,'M','SENEGALAIS(E)',NULL,NULL,'22',NULL,'0708018464M',NULL,NULL,'2010-2011',NULL,'2008',' ','31',NULL,NULL,NULL,NULL,NULL,NULL,NULL,NULL),(25662,'F','BURKINABE',NULL,NULL,'24',NULL,'0DJADJ0Y4F7',NULL,NULL,'2010-2011','Commerçants et assimilés','2007',' ','31',NULL,NULL,NULL,NULL,NULL,NULL,NULL,NULL),(25663,'M','FRANCAIS(E)',NULL,NULL,'22',NULL,'1801002889L',NULL,NULL,'2010-2011',NULL,'2008',' ','S   ','58',NULL,NULL,NULL,NULL,NULL,NULL,NULL),(25664,'M','MAROCAIN(E)',NULL,NULL,'21',NULL,'0DJADL1FA35',NULL,NULL,'2010-2011','Commerçants et assimilés','2009',' ','31',NULL,NULL,NULL,NULL,NULL,NULL,NULL,NULL),(25665,'M','FRANCAIS(E)',NULL,NULL,'21',NULL,'0204029035R',NULL,NULL,'2010-2011',NULL,'2009','AB','S   ','13',NULL,NULL,NULL,NULL,NULL,NULL,NULL),(25666,'M','FRANCAIS(E)',NULL,NULL,'23',NULL,'0800034049C',NULL,NULL,'2010-2011',NULL,'2007','B ','S   ','73',NULL,NULL,NULL,NULL,NULL,NULL,NULL),(25667,'F','MAROCAIN(E)',NULL,NULL,'23',NULL,'2107017893R',NULL,NULL,'2010-2011',NULL,'2007',' ','31',NULL,NULL,NULL,NULL,NULL,NULL,NULL,NULL),(25668,'M','FRANCAIS(E)',NULL,NULL,'24',NULL,'0699003123D',NULL,NULL,'2010-2011','Inactifs divers (autres que retraités)','2007',' ','S   ','63',NULL,NULL,NULL,NULL,NULL,NULL,NULL),(25669,'M','TUNISIEN(NE)',NULL,NULL,'23',NULL,'0EFB1K01JS4',NULL,NULL,'2010-2011',NULL,'2008',' ','S   ','75',NULL,NULL,NULL,NULL,NULL,NULL,NULL),(25670,'M','MAROCAIN(E)',NULL,NULL,'26',NULL,'0DJADI0SW42',NULL,NULL,'2010-2011',NULL,'2004',' ','31',NULL,NULL,NULL,NULL,NULL,NULL,NULL,NULL),(25671,'M','MAROCAIN(E)',NULL,NULL,'24',NULL,'0DJADL1FKA2',NULL,NULL,'2010-2011','Professions libérales et assimilés','2007',' ','31',NULL,NULL,NULL,NULL,NULL,NULL,NULL,NULL),(25672,'M','FRANCAIS(E)',NULL,NULL,'26',NULL,'0697003247A',NULL,NULL,'2010-2011',NULL,'2004','AB','S   ','63',NULL,NULL,NULL,NULL,NULL,NULL,NULL),(25673,'F','BRESILIEN(NE)',NULL,NULL,'22',NULL,'0DJADL1FFE6',NULL,NULL,'2010-2011',NULL,'2006',' ','31',NULL,NULL,NULL,NULL,NULL,NULL,NULL,NULL),(25674,'M','FRANCAIS(E)',NULL,NULL,'21',NULL,'2502021149F',NULL,NULL,'2010-2011',NULL,'2009','TB','S   ','92',NULL,NULL,NULL,NULL,NULL,NULL,NULL),(25675,'M','FRANCAIS(E)',NULL,NULL,'23',NULL,'0601004088N',NULL,NULL,'2010-2011','Inactifs divers (autres que retraités)','2009',' ','S   ','15',NULL,NULL,NULL,NULL,NULL,NULL,NULL),(25676,'M','FRANCAIS(E)',NULL,NULL,'27',NULL,'0DJADK16AC4',NULL,NULL,'2010-2011','Anciens cadres et professions intermédiaires','2003',' ','31',NULL,NULL,NULL,NULL,NULL,NULL,NULL,NULL),(25677,'M','FRANCAIS(E)',NULL,NULL,'23',NULL,'0800013036M',NULL,NULL,'2010-2011','Artisans','2007','AB','S   ','38',NULL,NULL,NULL,NULL,NULL,NULL,NULL),(25678,'M','FRANCAIS(E)',NULL,NULL,'23',NULL,'2300000907L',NULL,NULL,'2010-2011',NULL,'2007','AB','S   ',NULL,NULL,NULL,NULL,NULL,NULL,NULL,NULL),(25679,'M','FRANCAIS(E)',NULL,NULL,'21',NULL,'0602007990L',NULL,NULL,'2010-2011','Anciens employés et ouvriers','2009','B ','S   ','63',NULL,NULL,NULL,NULL,NULL,NULL,NULL),(25680,'M','FRANCAIS(E)',NULL,NULL,'23',NULL,'1000030150U',NULL,NULL,'2010-2011','Anciens cadres et professions intermédiaires','2007','B ','S   ','42',NULL,NULL,NULL,NULL,NULL,NULL,NULL),(25681,'F','FRANCAIS(E)',NULL,NULL,'23',NULL,'1600016069B',NULL,NULL,'2010-2011','Ouvriers qualifiés','2007','TB','S   ','81',NULL,NULL,NULL,NULL,NULL,NULL,NULL),(25682,'M','FRANCAIS(E)',NULL,NULL,'23',NULL,'1000020312A',NULL,NULL,'2010-2011','Ouvriers qualifiés','2007',' ','S   ','69',NULL,NULL,NULL,NULL,NULL,NULL,NULL),(25683,'F','FRANCAIS(E)',NULL,NULL,'23',NULL,'0699008271Z',NULL,NULL,'2010-2011',NULL,'2006','TB','S   ','43',NULL,NULL,NULL,NULL,NULL,NULL,NULL),(25684,'M','FRANCAIS(E)',NULL,NULL,'21',NULL,'0602015600H',NULL,NULL,'2010-2011',NULL,'2009','AB','S   ','63',NULL,NULL,NULL,NULL,NULL,NULL,NULL),(25685,'M','FRANCAIS(E)',NULL,NULL,'23',NULL,'2400054446H',NULL,NULL,'2010-2011','Ouvriers qualifiés','2007','B ','S   ','87',NULL,NULL,NULL,NULL,NULL,NULL,NULL),(25686,'M','FRANCAIS(E)',NULL,NULL,'24',NULL,'1799033622D',NULL,NULL,'2010-2011','Techniciens','2006','AB','S   ','44',NULL,NULL,NULL,NULL,NULL,NULL,NULL),(25687,'M','FRANCAIS(E)',NULL,NULL,'22',NULL,'2400012120B',NULL,NULL,'2010-2011',NULL,'2007','AB','S   ','93',NULL,NULL,NULL,NULL,NULL,NULL,NULL),(25688,'M','FRANCAIS(E)',NULL,NULL,'22',NULL,'0801022722X',NULL,NULL,'2010-2011',NULL,'2008','B ','ES  ','38',NULL,NULL,NULL,NULL,NULL,NULL,NULL),(25689,'M','FRANCAIS(E)',NULL,NULL,'23',NULL,'0800033825J',NULL,NULL,'2010-2011','Ouvriers non qualifiés','2007','P ','S   ','73',NULL,NULL,NULL,NULL,NULL,NULL,NULL),(25690,'F','FRANCAIS(E)',NULL,NULL,'23',NULL,'0699011229P',NULL,NULL,'2010-2011',NULL,'2006',' ','S   ','63',NULL,NULL,NULL,NULL,NULL,NULL,NULL),(25691,'M','FRANCAIS(E)',NULL,NULL,'22',NULL,'0401036340R',NULL,NULL,'2010-2011',NULL,'2008','P ','S   ','64',NULL,NULL,NULL,NULL,NULL,NULL,NULL),(25692,'F','FRANCAIS(E)',NULL,NULL,'25',NULL,'2506901259Y',NULL,NULL,'2010-2011','Anciens cadres et professions intermédiaires','2007','B ','22','92',NULL,NULL,NULL,NULL,NULL,NULL,NULL),(25693,'M','FRANCAIS(E)',NULL,NULL,'22',NULL,'1000001032U',NULL,NULL,'2010-2011','Ouvriers qualifiés','2007','TB','STI ','69',NULL,NULL,NULL,NULL,NULL,NULL,NULL),(25694,'M','FRANCAIS(E)',NULL,NULL,'22',NULL,'1001016930F',NULL,NULL,'2010-2011',NULL,'2008','AB','S   ',NULL,NULL,NULL,NULL,NULL,NULL,NULL,NULL),(25695,'M','FRANCAIS(E)',NULL,NULL,'23',NULL,'0600004203G',NULL,NULL,'2010-2011',NULL,'2007','AB','S   ',NULL,NULL,NULL,NULL,NULL,NULL,NULL,NULL),(25696,'M','FRANCAIS(E)',NULL,NULL,'21',NULL,'1601016591A',NULL,NULL,'2010-2011',NULL,'2008','B ','S   ','65',NULL,NULL,NULL,NULL,NULL,NULL,NULL),(25697,'M','FRANCAIS(E)',NULL,NULL,'21',NULL,'0807901099U',NULL,NULL,'2010-2011',NULL,'2008','AB','S   ','38',NULL,NULL,NULL,NULL,NULL,NULL,NULL),(25698,'M','FRANCAIS(E)',NULL,NULL,'21',NULL,'1102028575X',NULL,NULL,'2010-2011',NULL,'2009','B ','S   ','34',NULL,NULL,NULL,NULL,NULL,NULL,NULL),(25699,'M','FRANCAIS(E)',NULL,NULL,'23',NULL,'0600010767S',NULL,NULL,'2010-2011','Contremaîtres, agents de maîtrise','2007','B ','S   ','63',NULL,NULL,NULL,NULL,NULL,NULL,NULL),(25700,'M','BRESILIEN(NE)',NULL,NULL,'25',NULL,'0DJADL1FFL3',NULL,NULL,'2010-2011','Employés de commerce','2008',' ','31',NULL,NULL,NULL,NULL,NULL,NULL,NULL,NULL),(25701,'M','FRANCAIS(E)',NULL,NULL,'24',NULL,'2599058252T',NULL,NULL,'2010-2011','Contremaîtres, agents de maîtrise','2006',' ','S   ','92',NULL,NULL,NULL,NULL,NULL,NULL,NULL),(25702,'F','FRANCAIS(E)',NULL,NULL,'22',NULL,'0600000553P',NULL,NULL,'2010-2011',NULL,'2007','B ','S   ','15',NULL,NULL,NULL,NULL,NULL,NULL,NULL),(25703,'M','MAROCAIN(E)',NULL,NULL,'24',NULL,'0DJADJ0WX48',NULL,NULL,'2010-2011',NULL,'2006',' ','31',NULL,NULL,NULL,NULL,NULL,NULL,NULL,NULL),(25704,'M','FRANCAIS(E)',NULL,NULL,'21',NULL,'0602000573Z',NULL,NULL,'2010-2011','Techniciens','2009','P ','S   ','63',NULL,NULL,NULL,NULL,NULL,NULL,NULL),(25705,'M','FRANCAIS(E)',NULL,NULL,'22',NULL,'1701020628R',NULL,NULL,'2010-2011',NULL,'2008','B ','S   ','17',NULL,NULL,NULL,NULL,NULL,NULL,NULL),(25706,'M','FRANCAIS(E)',NULL,NULL,'22',NULL,'1901002332H',NULL,NULL,'2010-2011','Professions intermédiaires administratives et commerciales des entreprises','2008','B ','S   ','51',NULL,NULL,NULL,NULL,NULL,NULL,NULL),(25707,'M','FRANCAIS(E)',NULL,NULL,'22',NULL,'0701005981Y',NULL,NULL,'2010-2011','Employés de commerce','2008',' ','S   ','58',NULL,NULL,NULL,NULL,NULL,NULL,NULL),(25708,'M','FRANCAIS(E)',NULL,NULL,'23',NULL,'1100050225S',NULL,NULL,'2010-2011','Commerçants et assimilés','2008','P ','S   ','48',NULL,NULL,NULL,NULL,NULL,NULL,NULL),(25709,'M','FRANCAIS(E)',NULL,NULL,'22',NULL,'0601011327G',NULL,NULL,'2010-2011',NULL,'2008','TB','S   ',NULL,NULL,NULL,NULL,NULL,NULL,NULL,NULL),(25710,'M','FRANCAIS(E)',NULL,NULL,'22',NULL,'0601004403F',NULL,NULL,'2010-2011',NULL,'2008','AB','S   ','43',NULL,NULL,NULL,NULL,NULL,NULL,NULL),(25711,'M','MAROCAIN(E)',NULL,NULL,'21',NULL,'0409029850N',NULL,NULL,'2010-2011','Anciens cadres et professions intermédiaires','2009',' ','31',NULL,NULL,NULL,NULL,NULL,NULL,NULL,NULL),(25712,'M','BURKINABE',NULL,NULL,'25',NULL,'0DJADL1FK91',NULL,NULL,'2010-2011',NULL,'2007',' ','31',NULL,NULL,NULL,NULL,NULL,NULL,NULL,NULL),(25713,'M','FRANCAIS(E)',NULL,NULL,'22',NULL,'0601008946U',NULL,NULL,'2010-2011',NULL,'2009','AB','S   ',NULL,NULL,NULL,NULL,NULL,NULL,NULL,NULL),(25714,'M','FRANCAIS(E)',NULL,NULL,'23',NULL,'1600015436N',NULL,NULL,'2010-2011',NULL,'2007','AB','S   ','65',NULL,NULL,NULL,NULL,NULL,NULL,NULL),(25715,'M','FRANCAIS(E)',NULL,NULL,'22',NULL,'1801020008U',NULL,NULL,'2010-2011','Ouvriers qualifiés','2008','B ','S   ','41',NULL,NULL,NULL,NULL,NULL,NULL,NULL),(25716,'M','FRANCAIS(E)',NULL,NULL,'21',NULL,'1002053199K',NULL,NULL,'2010-2011','Ouvriers qualifiés','2009','AB','S   ','69',NULL,NULL,NULL,NULL,NULL,NULL,NULL),(25717,'M','FRANCAIS(E)',NULL,NULL,'22',NULL,'2501004966J',NULL,NULL,'2010-2011','Contremaîtres, agents de maîtrise','2008','AB','S   ','86',NULL,NULL,NULL,NULL,NULL,NULL,NULL),(25718,'M','FRANCAIS(E)',NULL,NULL,'23',NULL,'0800029011B',NULL,NULL,'2010-2011',NULL,'2007','AB','S   ','74',NULL,NULL,NULL,NULL,NULL,NULL,NULL),(25719,'M','CHINOIS(E)',NULL,NULL,'26',NULL,'0DJADK1BN33',NULL,NULL,'2010-2011',NULL,'2005',' ','31',NULL,NULL,NULL,NULL,NULL,NULL,NULL,NULL),(25720,'M','FRANCAIS(E)',NULL,NULL,'23',NULL,'0100012670Z',NULL,NULL,'2010-2011',NULL,'2007','B ','S   ','75',NULL,NULL,NULL,NULL,NULL,NULL,NULL),(25721,'M','FRANCAIS(E)',NULL,NULL,'21',NULL,'0402015027F',NULL,NULL,'2010-2011',NULL,'2009','B ','STI ','33',NULL,NULL,NULL,NULL,NULL,NULL,NULL),(25722,'M','FRANCAIS(E)',NULL,NULL,'21',NULL,'1401023004S',NULL,NULL,'2010-2011',NULL,'2008','AB','S   ','56',NULL,NULL,NULL,NULL,NULL,NULL,NULL),(25723,'M','FRANCAIS(E)',NULL,NULL,'22',NULL,'1101019710E',NULL,NULL,'2010-2011','Contremaîtres, agents de maîtrise','2008','AB','S   ','30',NULL,NULL,NULL,NULL,NULL,NULL,NULL),(25724,'M','FRANCAIS(E)',NULL,NULL,'24',NULL,'0699011389N',NULL,NULL,'2010-2011',NULL,'2006','AB','S   ','63',NULL,NULL,NULL,NULL,NULL,NULL,NULL),(25725,'M','FRANCAIS(E)',NULL,NULL,'24',NULL,'1606034254G',NULL,NULL,'2010-2011',NULL,'2006','B ','S   ','31',NULL,NULL,NULL,NULL,NULL,NULL,NULL),(25726,'M','FRANCAIS(E)',NULL,NULL,'23',NULL,'2004014408F',NULL,NULL,'2010-2011',NULL,'2007','B ','S   ','60',NULL,NULL,NULL,NULL,NULL,NULL,NULL),(25727,'M','FRANCAIS(E)',NULL,NULL,'22',NULL,'2201005617K',NULL,NULL,'2010-2011','Techniciens','2008','B ','S   ','87',NULL,NULL,NULL,NULL,NULL,NULL,NULL),(25728,'M','FRANCAIS(E)',NULL,NULL,'22',NULL,'0601001024H',NULL,NULL,'2010-2011',NULL,'2009',' ','S   ','63',NULL,NULL,NULL,NULL,NULL,NULL,NULL),(25729,'F','FRANCAIS(E)',NULL,NULL,'21',NULL,'0402002526T',NULL,NULL,'2010-2011','Employés administratifs d\'entreprise','2009','TB','S   ','24',NULL,NULL,NULL,NULL,NULL,NULL,NULL),(25730,'M','FRANCAIS(E)',NULL,NULL,'22',NULL,'0601001358W',NULL,NULL,'2010-2011','Agriculteurs exploitants','2008',' ','S   ','15',NULL,NULL,NULL,NULL,NULL,NULL,NULL),(25731,'F','FRANCAIS(E)',NULL,NULL,'24',NULL,'0699005765A',NULL,NULL,'2010-2011','Anciens cadres et professions intermédiaires','2006','B ','S   ','63',NULL,NULL,NULL,NULL,NULL,NULL,NULL),(25732,'M','FRANCAIS(E)',NULL,NULL,'22',NULL,'2301022163X',NULL,NULL,'2010-2011',NULL,'2008','B ','S   ',NULL,NULL,NULL,NULL,NULL,NULL,NULL,NULL),(25733,'M','FRANCAIS(E)',NULL,NULL,'22',NULL,'1201031616Y',NULL,NULL,'2010-2011',NULL,'2008','B ','STI ','57',NULL,NULL,NULL,NULL,NULL,NULL,NULL),(25734,'M','FRANCAIS(E)',NULL,NULL,'21',NULL,'0702002908P',NULL,NULL,'2010-2011',NULL,'2009','AB','S   ','58',NULL,NULL,NULL,NULL,NULL,NULL,NULL),(25735,'M','FRANCAIS(E)',NULL,NULL,'23',NULL,'2500011740R',NULL,NULL,'2010-2011',NULL,'2007','B ','S   ','35',NULL,NULL,NULL,NULL,NULL,NULL,NULL),(25736,'M','FRANCAIS(E)',NULL,NULL,'23',NULL,'0900003201Z',NULL,NULL,'2010-2011','Techniciens','2007','B ','S   ','59',NULL,NULL,NULL,NULL,NULL,NULL,NULL),(25737,'M','FRANCAIS(E)',NULL,NULL,'22',NULL,'1601018393J',NULL,NULL,'2010-2011',NULL,'2007','P ','S   ','12',NULL,NULL,NULL,NULL,NULL,NULL,NULL),(25738,'M','FRANCAIS(E)',NULL,NULL,'24',NULL,'0699005917R',NULL,NULL,'2010-2011',NULL,'2006',' ','S   ','63',NULL,NULL,NULL,NULL,NULL,NULL,NULL),(25739,'M','FRANCAIS(E)',NULL,NULL,'22',NULL,'0601001760H',NULL,NULL,'2010-2011','Commerçants et assimilés','2008','B ','S   ',NULL,NULL,NULL,NULL,NULL,NULL,NULL,NULL),(25740,'F','BRESILIEN(NE)',NULL,NULL,'23',NULL,'0DJADL1FFK2',NULL,NULL,'2010-2011',NULL,'2007',' ','31',NULL,NULL,NULL,NULL,NULL,NULL,NULL,NULL),(25741,'M','MAROCAIN(E)',NULL,NULL,'24',NULL,'07IS8H04GY2',NULL,NULL,'2010-2011',NULL,'2006',' ','31',NULL,NULL,NULL,NULL,NULL,NULL,NULL,NULL),(25742,'M','MAROCAIN(E)',NULL,NULL,'26',NULL,'07IS8F00UH3',NULL,NULL,'2010-2011','Employés administratifs d\'entreprise','2005',' ','31',NULL,NULL,NULL,NULL,NULL,NULL,NULL,NULL),(25743,'M','MAROCAIN(E)',NULL,NULL,'24',NULL,'0DJADJ10J26',NULL,NULL,'2010-2011',NULL,'2007',' ','31',NULL,NULL,NULL,NULL,NULL,NULL,NULL,NULL),(25744,'M','MAROCAIN(E)',NULL,NULL,'22',NULL,'0DJADL1GAG4',NULL,NULL,'2010-2011','Inactifs divers (autres que retraités)','2009',' ','31',NULL,NULL,NULL,NULL,NULL,NULL,NULL,NULL),(25745,'M','FRANCAIS(E)',NULL,NULL,'22',NULL,'1101009901T',NULL,NULL,'2010-2011','Techniciens','2008','B ','S   ','30',NULL,NULL,NULL,NULL,NULL,NULL,NULL),(25746,'M','FRANCAIS(E)',NULL,NULL,'22',NULL,'0500013093T',NULL,NULL,'2010-2011','Professions libérales et assimilés','2007','AB','S   ','50',NULL,NULL,NULL,NULL,NULL,NULL,NULL),(25747,'F','MAROCAIN(E)',NULL,NULL,'22',NULL,'0DJADL1FJZ1',NULL,NULL,'2010-2011',NULL,'2007',' ','31',NULL,NULL,NULL,NULL,NULL,NULL,NULL,NULL),(25748,'M','MAROCAIN(E)',NULL,NULL,'24',NULL,'0DJADL1FFS0',NULL,NULL,'2010-2011',NULL,'2006',' ','31',NULL,NULL,NULL,NULL,NULL,NULL,NULL,NULL),(25749,'M','FRANCAIS(E)',NULL,NULL,'24',NULL,'1698018201H',NULL,NULL,'2010-2011','Inactifs divers (autres que retraités)','2006','TB','STI ','12',NULL,NULL,NULL,NULL,NULL,NULL,NULL),(25750,'M','FRANCAIS(E)',NULL,NULL,'22',NULL,'0201020311N',NULL,NULL,'2010-2011',NULL,'2008','TB','S   ','84',NULL,NULL,NULL,NULL,NULL,NULL,NULL),(25751,'M','FRANCAIS(E)',NULL,NULL,'21',NULL,'0706025938Y',NULL,NULL,'2010-2011',NULL,'2009','AB','S   ','58',NULL,NULL,NULL,NULL,NULL,NULL,NULL),(25752,'F','FRANCAIS(E)',NULL,NULL,'20',NULL,'0602019227A',NULL,NULL,'2010-2011','Agriculteurs exploitants','2009','B ','S   ','43',NULL,NULL,NULL,NULL,NULL,NULL,NULL),(25753,'M','IVOIRIEN(NE)',NULL,NULL,'19',NULL,'0DJADL1FWM6',NULL,NULL,'2010-2011',NULL,'2009',' ','31',NULL,NULL,NULL,NULL,NULL,NULL,NULL,NULL),(25754,'F','MAROCAIN(E)',NULL,NULL,'21',NULL,'2409045128N',NULL,NULL,'2010-2011',NULL,'2008',' ','31',NULL,NULL,NULL,NULL,NULL,NULL,NULL,NULL),(25755,'M','FRANCAIS(E)',NULL,NULL,'23',NULL,'1400035869U',NULL,NULL,'2010-2011','Professions libérales et assimilés','2007','B ','S   ','56',NULL,NULL,NULL,NULL,NULL,NULL,NULL),(25756,'F','FRANCAIS(E)',NULL,NULL,'22',NULL,'0601010241B',NULL,NULL,'2010-2011',NULL,'2008',' ','S   ','63',NULL,NULL,NULL,NULL,NULL,NULL,NULL),(25757,'M','FRANCAIS(E)',NULL,NULL,'21',NULL,'0602014293M',NULL,NULL,'2010-2011','Anciens cadres et professions intermédiaires','2009','B ','S   ','63',NULL,NULL,NULL,NULL,NULL,NULL,NULL),(25758,'M','FRANCAIS(E)',NULL,NULL,'25',NULL,'1198013675C',NULL,NULL,'2010-2011','Ouvriers qualifiés','2005','B ','S   ','30',NULL,NULL,NULL,NULL,NULL,NULL,NULL),(25759,'M','FRANCAIS(E)',NULL,NULL,'23',NULL,'2400020432L',NULL,NULL,'2010-2011','Ouvriers qualifiés','2007','B ','S   ','77',NULL,NULL,NULL,NULL,NULL,NULL,NULL),(25760,'F','FRANCAIS(E)',NULL,NULL,'22',NULL,'0800004589F',NULL,NULL,'2010-2011',NULL,'2007','B ','S   ','38',NULL,NULL,NULL,NULL,NULL,NULL,NULL),(25761,'M','FRANCAIS(E)',NULL,NULL,'23',NULL,'2500058079J',NULL,NULL,'2010-2011','Professions libérales et assimilés','2007','AB','S   ','91',NULL,NULL,NULL,NULL,NULL,NULL,NULL),(25762,'M','FRANCAIS(E)',NULL,NULL,'22',NULL,'1101001927A',NULL,NULL,'2010-2011','Techniciens','2008','TB','S   ','34',NULL,NULL,NULL,NULL,NULL,NULL,NULL),(25763,'M','FRANCAIS(E)',NULL,NULL,'22',NULL,'1001019591Y',NULL,NULL,'2010-2011','Ouvriers qualifiés','2008','AB','S   ','42',NULL,NULL,NULL,NULL,NULL,NULL,NULL),(25764,'M','FRANCAIS(E)',NULL,NULL,'22',NULL,'1201011224H',NULL,NULL,'2010-2011','Artisans','2008','B ','S   ','57',NULL,NULL,NULL,NULL,NULL,NULL,NULL),(25765,'M','FRANCAIS(E)',NULL,NULL,'23',NULL,'0200022554V',NULL,NULL,'2010-2011','Personnels des services directs aux particuliers','2007','B ','S   ','84',NULL,NULL,NULL,NULL,NULL,NULL,NULL),(25766,'M','FRANCAIS(E)',NULL,NULL,'21',NULL,'0802000382W',NULL,NULL,'2010-2011',NULL,'2009','AB','S   ',NULL,NULL,NULL,NULL,NULL,NULL,NULL,NULL),(25767,'M','BENINOIS(E)',NULL,NULL,'21',NULL,'0708011234D',NULL,NULL,'2010-2011',NULL,'2008',' ','31',NULL,NULL,NULL,NULL,NULL,NULL,NULL,NULL),(25768,'M','FRANCAIS(E)',NULL,NULL,'22',NULL,'1201034640K',NULL,NULL,'2010-2011',NULL,'2008','AB','S   ','88',NULL,NULL,NULL,NULL,NULL,NULL,NULL),(25769,'M','FRANCAIS(E)',NULL,NULL,'25',NULL,'0698001566E',NULL,NULL,'2010-2011','Anciens employés et ouvriers','2005','AB','S   ','15',NULL,NULL,NULL,NULL,NULL,NULL,NULL),(25770,'M','FRANCAIS(E)',NULL,NULL,'23',NULL,'0600013445C',NULL,NULL,'2010-2011',NULL,'2007','B ','S   ',NULL,NULL,NULL,NULL,NULL,NULL,NULL,NULL),(25771,'F','MAROCAIN(E)',NULL,NULL,'24',NULL,'0DJADL1FJM8',NULL,NULL,'2010-2011',NULL,'2006',' ','31',NULL,NULL,NULL,NULL,NULL,NULL,NULL,NULL),(25772,'M','FRANCAIS(E)',NULL,NULL,'23',NULL,'0600005632K',NULL,NULL,'2010-2011',NULL,'2007','B ','S   ','63',NULL,NULL,NULL,NULL,NULL,NULL,NULL),(25773,'M','FRANCAIS(E)',NULL,NULL,'23',NULL,'1800022053K',NULL,NULL,'2010-2011',NULL,'2008','TB','STI ','19',NULL,NULL,NULL,NULL,NULL,NULL,NULL),(25774,'M','FRANCAIS(E)',NULL,NULL,'22',NULL,'0601009098J',NULL,NULL,'2010-2011','Ouvriers qualifiés','2008','B ','S   ',NULL,NULL,NULL,NULL,NULL,NULL,NULL,NULL),(25775,'F','FRANCAIS(E)',NULL,NULL,'24',NULL,'2599065039V',NULL,NULL,'2010-2011',NULL,'2007',' ','S   ','91',NULL,NULL,NULL,NULL,NULL,NULL,NULL),(25776,'M','FRANCAIS(E)',NULL,NULL,'22',NULL,'0601009038U',NULL,NULL,'2010-2011',NULL,'2008','AB','S   ',NULL,NULL,NULL,NULL,NULL,NULL,NULL,NULL),(25777,'M','FRANCAIS(E)',NULL,NULL,'26',NULL,'0697014303T',NULL,NULL,'2010-2011',NULL,'2005','AB','STI ','63',NULL,NULL,NULL,NULL,NULL,NULL,NULL),(25778,'M','FRANCAIS(E)',NULL,NULL,'23',NULL,'1500005548N',NULL,NULL,'2010-2011',NULL,'2008','B ','STI ','68',NULL,NULL,NULL,NULL,NULL,NULL,NULL),(25779,'M','FRANCAIS(E)',NULL,NULL,'22',NULL,'1401029212P',NULL,NULL,'2010-2011','Personnels des services directs aux particuliers','2008','AB','S   ','29',NULL,NULL,NULL,NULL,NULL,NULL,NULL),(25780,'M','FRANCAIS(E)',NULL,NULL,'24',NULL,'1799001517G',NULL,NULL,'2010-2011','Professions libérales et assimilés','2008',' ','S   ','72',NULL,NULL,NULL,NULL,NULL,NULL,NULL),(25781,'M','FRANCAIS(E)',NULL,NULL,'20',NULL,'0902034586B',NULL,NULL,'2010-2011',NULL,'2009','B ','S   ','59',NULL,NULL,NULL,NULL,NULL,NULL,NULL),(25782,'F','MAROCAIN(E)',NULL,NULL,'22',NULL,'0DJADL1FK35',NULL,NULL,'2010-2011',NULL,'2007',' ','31',NULL,NULL,NULL,NULL,NULL,NULL,NULL,NULL),(25783,'F','CHINOIS(E)',NULL,NULL,'25',NULL,'0DJADK1BOR3',NULL,NULL,'2010-2011',NULL,'2006',' ','31',NULL,NULL,NULL,NULL,NULL,NULL,NULL,NULL),(25784,'F','FRANCAIS(E)',NULL,NULL,'22',NULL,'0801018446Z',NULL,NULL,'2010-2011',NULL,'2008','TB','S   ','38',NULL,NULL,NULL,NULL,NULL,NULL,NULL),(25785,'F','CHINOIS(E)',NULL,NULL,'25',NULL,'03140K00F64',NULL,NULL,'2010-2011',NULL,'2006',' ','31',NULL,NULL,NULL,NULL,NULL,NULL,NULL,NULL),(25786,'M','FRANCAIS(E)',NULL,NULL,'22',NULL,'1101035994E',NULL,NULL,'2010-2011',NULL,'2008','B ','S   ','66',NULL,NULL,NULL,NULL,NULL,NULL,NULL),(25787,'M','FRANCAIS(E)',NULL,NULL,'23',NULL,'0700014698S',NULL,NULL,'2010-2011','Professions libérales et assimilés','2007','B ','S   ','21',NULL,NULL,NULL,NULL,NULL,NULL,NULL),(25788,'M','FRANCAIS(E)',NULL,NULL,'23',NULL,'1800019592K',NULL,NULL,'2010-2011','Techniciens','2007','AB','S   ','45',NULL,NULL,NULL,NULL,NULL,NULL,NULL),(25789,'F','FRANCAIS(E)',NULL,NULL,'23',NULL,'2500055324P',NULL,NULL,'2010-2011',NULL,'2007','B ','STI ','95',NULL,NULL,NULL,NULL,NULL,NULL,NULL),(25790,'M','FRANCAIS(E)',NULL,NULL,'25',NULL,'0698002326F',NULL,NULL,'2010-2011',NULL,'2007','P ','S   ','63',NULL,NULL,NULL,NULL,NULL,NULL,NULL),(25791,'F','MAROCAIN(E)',NULL,NULL,'22',NULL,'1808038946Z',NULL,NULL,'2010-2011',NULL,'2008',' ','31',NULL,NULL,NULL,NULL,NULL,NULL,NULL,NULL),(25792,'F','FRANCAIS(E)',NULL,NULL,'21',NULL,'0302007822X',NULL,NULL,'2010-2011',NULL,'2009','B ','S   ','25',NULL,NULL,NULL,NULL,NULL,NULL,NULL),(25793,'F','TUNISIEN(NE)',NULL,NULL,'24',NULL,'0DJADJ0ZGR7',NULL,NULL,'2010-2011',NULL,'2007',' ','31',NULL,NULL,NULL,NULL,NULL,NULL,NULL,NULL),(25794,'M','FRANCAIS(E)',NULL,NULL,'21',NULL,'0602014031C',NULL,NULL,'2010-2011',NULL,'2009','B ','S   ','63',NULL,NULL,NULL,NULL,NULL,NULL,NULL),(25795,'M','FRANCAIS(E)',NULL,NULL,'21',NULL,'1602001834S',NULL,NULL,'2010-2011','Agriculteurs exploitants','2009','TB','S   ','12',NULL,NULL,NULL,NULL,NULL,NULL,NULL),(25796,'M','FRANCAIS(E)',NULL,NULL,'20',NULL,'2503091531P',NULL,NULL,'2010-2011',NULL,'2009','P ','S   ','78',NULL,NULL,NULL,NULL,NULL,NULL,NULL),(25797,'M','MAROCAIN(E)',NULL,NULL,'22',NULL,'1908019074B',NULL,NULL,'2010-2011',NULL,'2008',' ','31',NULL,NULL,NULL,NULL,NULL,NULL,NULL,NULL),(25798,'M','MAROCAIN(E)',NULL,NULL,'25',NULL,'0DJADK156B3',NULL,NULL,'2010-2011','Anciens cadres et professions intermédiaires','2005',' ','31',NULL,NULL,NULL,NULL,NULL,NULL,NULL,NULL),(25799,'M','FRANCAIS(E)',NULL,NULL,'22',NULL,'0201015718W',NULL,NULL,'2010-2011','Anciens employés et ouvriers','2008','AB','S   ','13',NULL,NULL,NULL,NULL,NULL,NULL,NULL),(25800,'M','FRANCAIS(E)',NULL,NULL,'22',NULL,'0904041708F',NULL,NULL,'2010-2011',NULL,'2007','B ','S   ','59',NULL,NULL,NULL,NULL,NULL,NULL,NULL),(25801,'F','MAROCAIN(E)',NULL,NULL,'25',NULL,'0DJADJ0ZVH7',NULL,NULL,'2010-2011','Commerçants et assimilés','2006',' ','31',NULL,NULL,NULL,NULL,NULL,NULL,NULL,NULL),(25802,'M','FRANCAIS(E)',NULL,NULL,'22',NULL,'0201029231J',NULL,NULL,'2010-2011','Ouvriers qualifiés','2008','AB','STI ','84',NULL,NULL,NULL,NULL,NULL,NULL,NULL),(25803,'M','FRANCAIS(E)',NULL,NULL,'20',NULL,'2102003695A',NULL,NULL,'2010-2011',NULL,'2009','AB','S   ','27',NULL,NULL,NULL,NULL,NULL,NULL,NULL),(25804,'M','MAROCAIN(E)',NULL,NULL,'23',NULL,'0DJADK16AG8',NULL,NULL,'2010-2011',NULL,'2007',' ','31',NULL,NULL,NULL,NULL,NULL,NULL,NULL,NULL),(25805,'M','FRANCAIS(E)',NULL,NULL,'23',NULL,'0600008596G',NULL,NULL,'2010-2011',NULL,'2007','AB','S   ','15',NULL,NULL,NULL,NULL,NULL,NULL,NULL),(25806,'F','FRANCAIS(E)',NULL,NULL,'23',NULL,'0600014363A',NULL,NULL,'2010-2011','Inactifs divers (autres que retraités)','2008','P ','S   ','43',NULL,NULL,NULL,NULL,NULL,NULL,NULL),(25807,'M','FRANCAIS(E)',NULL,NULL,'23',NULL,'1800006021J',NULL,NULL,'2010-2011',NULL,'2007','TB','STL ','18',NULL,NULL,NULL,NULL,NULL,NULL,NULL),(25808,'M','FRANCAIS(E)',NULL,NULL,'24',NULL,'1899002950S',NULL,NULL,'2010-2011','Ouvriers qualifiés','2006','TB','S   ','36',NULL,NULL,NULL,NULL,NULL,NULL,NULL),(25809,'F','FRANCAIS(E)',NULL,NULL,'22',NULL,'2201008254B',NULL,NULL,'2010-2011',NULL,'2008','AB','S   ','87',NULL,NULL,NULL,NULL,NULL,NULL,NULL),(25810,'M','FRANCAIS(E)',NULL,NULL,'22',NULL,'0801027192F',NULL,NULL,'2010-2011',NULL,'2008','B ','STI ','73',NULL,NULL,NULL,NULL,NULL,NULL,NULL),(25811,'M','FRANCAIS(E)',NULL,NULL,'21',NULL,'1402019768F',NULL,NULL,'2010-2011',NULL,'2009','AB','S   ','35',NULL,NULL,NULL,NULL,NULL,NULL,NULL),(25812,'M','FRANCAIS(E)',NULL,NULL,'21',NULL,'1700020078L',NULL,NULL,'2010-2011',NULL,'2007','B ','S   ','49',NULL,NULL,NULL,NULL,NULL,NULL,NULL),(25813,'M','FRANCAIS(E)',NULL,NULL,'23',NULL,'0200021470S',NULL,NULL,'2010-2011',NULL,'2007','B ','S   ','13',NULL,NULL,NULL,NULL,NULL,NULL,NULL),(25814,'M','MAROCAIN(E)',NULL,NULL,'25',NULL,'0DJADI0SYH7',NULL,NULL,'2010-2011','Chefs d\'entreprise de 10 salariés ou plus','2005',' ','31',NULL,NULL,NULL,NULL,NULL,NULL,NULL,NULL),(25815,'M','FRANCAIS(E)',NULL,NULL,'24',NULL,'0299015051K',NULL,NULL,'2010-2011','Anciens cadres et professions intermédiaires','2006','AB','S   ','13',NULL,NULL,NULL,NULL,NULL,NULL,NULL),(25816,'M','FRANCAIS(E)',NULL,NULL,'23',NULL,'0701025636M',NULL,NULL,'2010-2011',NULL,'2007','AB','S   ','21',NULL,NULL,NULL,NULL,NULL,NULL,NULL),(25817,'M','CAMEROUNAIS(E)',NULL,NULL,'28',NULL,'0DJADI0TFJ1',NULL,NULL,'2010-2011',NULL,'2004',' ','31',NULL,NULL,NULL,NULL,NULL,NULL,NULL,NULL),(25818,'M','FRANCAIS(E)',NULL,NULL,'24',NULL,'0699008240R',NULL,NULL,'2010-2011',NULL,'2007','AB','S   ','43',NULL,NULL,NULL,NULL,NULL,NULL,NULL),(25819,'M','FRANCAIS(E)',NULL,NULL,'23',NULL,'0600007235C',NULL,NULL,'2010-2011',NULL,'2007','P ','STI ','63',NULL,NULL,NULL,NULL,NULL,NULL,NULL),(25820,'M','CHINOIS(E)',NULL,NULL,'24',NULL,'0DJ32H0Y9H9',NULL,NULL,'2010-2011',NULL,'2007',' ','31',NULL,NULL,NULL,NULL,NULL,NULL,NULL,NULL),(25821,'M','FRANCAIS(E)',NULL,NULL,'23',NULL,'2400053871H',NULL,NULL,'2010-2011','Contremaîtres, agents de maîtrise','2007','AB','S   ','75',NULL,NULL,NULL,NULL,NULL,NULL,NULL),(25822,'M','FRANCAIS(E)',NULL,NULL,'26',NULL,'0697011400M',NULL,NULL,'2010-2011','Inactifs divers (autres que retraités)','2005','AB','S   ',NULL,NULL,NULL,NULL,NULL,NULL,NULL,NULL),(25823,'M','FRANCAIS(E)',NULL,NULL,'25',NULL,'0698002572Y',NULL,NULL,'2010-2011',NULL,'2006','AB','S   ','35',NULL,NULL,NULL,NULL,NULL,NULL,NULL),(25824,'M','FRANCAIS(E)',NULL,NULL,'24',NULL,'1899002775B',NULL,NULL,'2010-2011',NULL,'2006','AB','S   ','28',NULL,NULL,NULL,NULL,NULL,NULL,NULL),(25825,'M','FRANCAIS(E)',NULL,NULL,'21',NULL,'0602007671P',NULL,NULL,'2010-2011','Ouvriers qualifiés','2009','B ','S   ',NULL,NULL,NULL,NULL,NULL,NULL,NULL,NULL),(25826,'M','FRANCAIS(E)',NULL,NULL,'21',NULL,'2109025412B',NULL,NULL,'2010-2011',NULL,'2009','B ','S   ',NULL,NULL,NULL,NULL,NULL,NULL,NULL,NULL),(25827,'M','FRANCAIS(E)',NULL,NULL,'22',NULL,'2502012206K',NULL,NULL,'2010-2011',NULL,'2008','B ','S   ','91',NULL,NULL,NULL,NULL,NULL,NULL,NULL),(25828,'M','FRANCAIS(E)',NULL,NULL,'22',NULL,'4301001619K',NULL,NULL,'2010-2011',NULL,'2008','TB','STI ','974',NULL,NULL,NULL,NULL,NULL,NULL,NULL),(25829,'M','FRANCAIS(E)',NULL,NULL,'22',NULL,'1901009337X',NULL,NULL,'2010-2011',NULL,'2008','AB','S   ','10',NULL,NULL,NULL,NULL,NULL,NULL,NULL),(25830,'M','FRANCAIS(E)',NULL,NULL,'23',NULL,'2500012414Y',NULL,NULL,'2010-2011','Techniciens','2007','AB','S   ','91',NULL,NULL,NULL,NULL,NULL,NULL,NULL),(25831,'M','FRANCAIS(E)',NULL,NULL,'22',NULL,'0301003879E',NULL,NULL,'2010-2011',NULL,'2008','P ','S   ','90',NULL,NULL,NULL,NULL,NULL,NULL,NULL),(25832,'M','FRANCAIS(E)',NULL,NULL,'22',NULL,'1601020977T',NULL,NULL,'2010-2011','Ouvriers qualifiés','2008','AB','S   ','65',NULL,NULL,NULL,NULL,NULL,NULL,NULL),(25833,'M','FRANCAIS(E)',NULL,NULL,'22',NULL,'1601021822L',NULL,NULL,'2010-2011','Professions libérales et assimilés','2009','B ','STI ','81',NULL,NULL,NULL,NULL,NULL,NULL,NULL),(25834,'M','FRANCAIS(E)',NULL,NULL,'23',NULL,'0100004724M',NULL,NULL,'2010-2011',NULL,'2007',' ','S   ','75',NULL,NULL,NULL,NULL,NULL,NULL,NULL),(25835,'M','FRANCAIS(E)',NULL,NULL,'24',NULL,'0699007195E',NULL,NULL,'2010-2011','Contremaîtres, agents de maîtrise','2006',' ','S   ','63',NULL,NULL,NULL,NULL,NULL,NULL,NULL),(25836,'M','FRANCAIS(E)',NULL,NULL,'23',NULL,'2100003377S',NULL,NULL,'2010-2011','Professions intermédiaires administratives et commerciales des entreprises','2007','B ','S   ','76',NULL,NULL,NULL,NULL,NULL,NULL,NULL),(25837,'M','FRANCAIS(E)',NULL,NULL,'23',NULL,'0600021017H',NULL,NULL,'2010-2011',NULL,'2005','TB','S   ','63',NULL,NULL,NULL,NULL,NULL,NULL,NULL),(25838,'M','FRANCAIS(E)',NULL,NULL,'22',NULL,'0601007188H',NULL,NULL,'2010-2011','Techniciens','2008','B ','S   ','63',NULL,NULL,NULL,NULL,NULL,NULL,NULL),(25839,'M','FRANCAIS(E)',NULL,NULL,'21',NULL,'1802001130F',NULL,NULL,'2010-2011','Ouvriers non qualifiés','2009','P ','S   ','45',NULL,NULL,NULL,NULL,NULL,NULL,NULL),(25840,'F','BRESILIEN(NE)',NULL,NULL,'22',NULL,'0DJADL1FFH9',NULL,NULL,'2010-2011','Employés administratifs d\'entreprise','2007',' ','31',NULL,NULL,NULL,NULL,NULL,NULL,NULL,NULL),(25841,'M','FRANCAIS(E)',NULL,NULL,'21',NULL,'0602004950G',NULL,NULL,'2010-2011','Anciens employés et ouvriers','2009','B ','STI ','63',NULL,NULL,NULL,NULL,NULL,NULL,NULL),(25842,'M','FRANCAIS(E)',NULL,NULL,'23',NULL,'1700024576A',NULL,NULL,'2010-2011',NULL,'2008','AB','S   ','44',NULL,NULL,NULL,NULL,NULL,NULL,NULL),(25843,'M','FRANCAIS(E)',NULL,NULL,'23',NULL,'0200019249C',NULL,NULL,'2010-2011','Employés administratifs d\'entreprise','2008','AB','S   ','13',NULL,NULL,NULL,NULL,NULL,NULL,NULL),(25844,'M','FRANCAIS(E)',NULL,NULL,'39',NULL,'0DJAD002TR3',NULL,NULL,'2010-2011',NULL,'1991','P ','C   ',NULL,NULL,NULL,NULL,NULL,NULL,NULL,NULL),(25845,'M','FRANCAIS(E)',NULL,NULL,'22',NULL,'2200007205E',NULL,NULL,'2010-2011','Professions libérales et assimilés','2007','B ','S   ','87',NULL,NULL,NULL,NULL,NULL,NULL,NULL),(25846,'M','FRANCAIS(E)',NULL,NULL,'22',NULL,'1600032030A',NULL,NULL,'2010-2011',NULL,'2007','AB','STG ','31',NULL,NULL,NULL,NULL,NULL,NULL,NULL),(25847,'M','FRANCAIS(E)',NULL,NULL,'22',NULL,'0601011394E',NULL,NULL,'2010-2011',NULL,'2008','B ','S   ','63',NULL,NULL,NULL,NULL,NULL,NULL,NULL),(25848,'M','FRANCAIS(E)',NULL,NULL,'21',NULL,'2306901678Z',NULL,NULL,'2010-2011','Anciens artisans, commerçants, chefs d\'entreprise','2008','TB','S   ','13',NULL,NULL,NULL,NULL,NULL,NULL,NULL),(25849,'M','FRANCAIS(E)',NULL,NULL,'23',NULL,'2200000177R',NULL,NULL,'2010-2011',NULL,'2007','AB','S   ','87',NULL,NULL,NULL,NULL,NULL,NULL,NULL),(25850,'M','FRANCAIS(E)',NULL,NULL,'23',NULL,'1900015477P',NULL,NULL,'2010-2011',NULL,'2007','AB','S   ','51',NULL,NULL,NULL,NULL,NULL,NULL,NULL),(25851,'M','FRANCAIS(E)',NULL,NULL,'22',NULL,'1000021881F',NULL,NULL,'2010-2011',NULL,'2007',' ','S   ',NULL,NULL,NULL,NULL,NULL,NULL,NULL,NULL),(25852,'M','FRANCAIS(E)',NULL,NULL,'23',NULL,'0600010645J',NULL,NULL,'2010-2011','Chefs d\'entreprise de 10 salariés ou plus','2007',' ','S   ','63',NULL,NULL,NULL,NULL,NULL,NULL,NULL),(25853,'M','FRANCAIS(E)',NULL,NULL,'23',NULL,'1800015819J',NULL,NULL,'2010-2011',NULL,'2008','AB','S   ','37',NULL,NULL,NULL,NULL,NULL,NULL,NULL),(25854,'M','FRANCAIS(E)',NULL,NULL,'25',NULL,'0600002566C',NULL,NULL,'2010-2011','Artisans','2005','B ','S   ','63',NULL,NULL,NULL,NULL,NULL,NULL,NULL),(25855,'M','FRANCAIS(E)',NULL,NULL,'28',NULL,'0494028721R',NULL,NULL,'2010-2011',NULL,'2002',' ','S   ','33',NULL,NULL,NULL,NULL,NULL,NULL,NULL),(25856,'M','FRANCAIS(E)',NULL,NULL,'22',NULL,'0601020123T',NULL,NULL,'2010-2011','Professions libérales et assimilés','2009','AB','S   ','63',NULL,NULL,NULL,NULL,NULL,NULL,NULL),(25857,'M','GABONAIS(E)',NULL,NULL,'22',NULL,'2007020271Y',NULL,NULL,'2010-2011','Techniciens','2007',' ','31',NULL,NULL,NULL,NULL,NULL,NULL,NULL,NULL),(25858,'M','FRANCAIS(E)',NULL,NULL,'23',NULL,'2500063857P',NULL,NULL,'2010-2011',NULL,'2007','AB','S   ','92',NULL,NULL,NULL,NULL,NULL,NULL,NULL),(25859,'F','FRANCAIS(E)',NULL,NULL,'24',NULL,'0499002486G',NULL,NULL,'2010-2011',NULL,'2006','AB','S   ','33',NULL,NULL,NULL,NULL,NULL,NULL,NULL),(25860,'M','TUNISIEN(NE)',NULL,NULL,'26',NULL,'0DJADL1F3J9',NULL,NULL,'2010-2011',NULL,'2006',' ','31',NULL,NULL,NULL,NULL,NULL,NULL,NULL,NULL),(25861,'F','FRANCAIS(E)',NULL,NULL,'23',NULL,'0800026350J',NULL,NULL,'2010-2011',NULL,'2007','B ','S   ','38',NULL,NULL,NULL,NULL,NULL,NULL,NULL),(25862,'F','MEXICAIN(E)',NULL,NULL,'28',NULL,'0DJADK1ACF3',NULL,NULL,'2010-2011','Employés administratifs d\'entreprise','2002',' ','31',NULL,NULL,NULL,NULL,NULL,NULL,NULL,NULL),(25863,'M','MAROCAIN(E)',NULL,NULL,'23',NULL,'0DJADL1FSA0',NULL,NULL,'2010-2011','Professions libérales et assimilés','2008',' ','31',NULL,NULL,NULL,NULL,NULL,NULL,NULL,NULL),(25864,'F','SENEGALAIS(E)',NULL,NULL,'26',NULL,'OINTGKO5VT9',NULL,NULL,'2010-2011',NULL,'2007','P ','S   ',NULL,NULL,NULL,NULL,NULL,NULL,NULL,NULL),(25865,'M','FRANCAIS(E)',NULL,NULL,'26',NULL,'0697013176T',NULL,NULL,'2010-2011','Inactifs divers (autres que retraités)','2005','AB','S   ',NULL,NULL,NULL,NULL,NULL,NULL,NULL,NULL),(25866,'M','CAMEROUNAIS(E)',NULL,NULL,'26',NULL,'0DJADJ12H26',NULL,NULL,'2010-2011',NULL,'2005',' ','31',NULL,NULL,NULL,NULL,NULL,NULL,NULL,NULL),(25867,'M','FRANCAIS(E)',NULL,NULL,'26',NULL,'0201044810T',NULL,NULL,'2010-2011','Anciens employés et ouvriers','2004','AB','S   ','13',NULL,NULL,NULL,NULL,NULL,NULL,NULL),(25868,'M','FRANCAIS(E)',NULL,NULL,'22',NULL,'0601002698C',NULL,NULL,'2010-2011','Artisans','2008','AB','S   ',NULL,NULL,NULL,NULL,NULL,NULL,NULL,NULL),(25869,'M','BRESILIEN(NE)',NULL,NULL,'22',NULL,'0DJADL1FFO6',NULL,NULL,'2010-2011','Commerçants et assimilés','2008',' ','31',NULL,NULL,NULL,NULL,NULL,NULL,NULL,NULL),(25870,'M','TUNISIEN(NE)',NULL,NULL,'23',NULL,'0DJADL1F7F9',NULL,NULL,'2010-2011',NULL,'2008',' ','31',NULL,NULL,NULL,NULL,NULL,NULL,NULL,NULL),(25871,'M','FRANCAIS(E)',NULL,NULL,'23',NULL,'0600003343X',NULL,NULL,'2010-2011',NULL,'2007',' ','S   ',NULL,NULL,NULL,NULL,NULL,NULL,NULL,NULL),(25872,'M','FRANCAIS(E)',NULL,NULL,'21',NULL,'2502017230W',NULL,NULL,'2010-2011',NULL,'2009','TB','S   ','30',NULL,NULL,NULL,NULL,NULL,NULL,NULL),(25873,'M','FRANCAIS(E)',NULL,NULL,'22',NULL,'0601016660D',NULL,NULL,'2010-2011',NULL,'2008',' ','S   ','63',NULL,NULL,NULL,NULL,NULL,NULL,NULL),(25874,'M','FRANCAIS(E)',NULL,NULL,'22',NULL,'2505074442C',NULL,NULL,'2010-2011',NULL,'2007','AB','S   ','78',NULL,NULL,NULL,NULL,NULL,NULL,NULL),(25875,'M','FRANCAIS(E)',NULL,NULL,'22',NULL,'1400022929D',NULL,NULL,'2010-2011',NULL,'2007','AB','S   ','29',NULL,NULL,NULL,NULL,NULL,NULL,NULL),(25876,'M','FRANCAIS(E)',NULL,NULL,'20',NULL,'0802011645N',NULL,NULL,'2010-2011',NULL,'2009','B ','S   ','26',NULL,NULL,NULL,NULL,NULL,NULL,NULL),(25877,'M','FRANCAIS(E)',NULL,NULL,'27',NULL,'0696004632Z',NULL,NULL,'2010-2011','Inactifs divers (autres que retraités)','2003',' ','S   ',NULL,NULL,NULL,NULL,NULL,NULL,NULL,NULL),(25878,'M','FRANCAIS(E)',NULL,NULL,'25',NULL,'0298021515E',NULL,NULL,'2010-2011','Artisans','2005',' ','S   ','13',NULL,NULL,NULL,NULL,NULL,NULL,NULL),(25879,'M','FRANCAIS(E)',NULL,NULL,'21',NULL,'0702016583D',NULL,NULL,'2010-2011',NULL,'2009','TB','S   ','21',NULL,NULL,NULL,NULL,NULL,NULL,NULL),(25880,'M','FRANCAIS(E)',NULL,NULL,'22',NULL,'1005044850E',NULL,NULL,'2010-2011','Anciens cadres et professions intermédiaires','2009','P ','S   ','42',NULL,NULL,NULL,NULL,NULL,NULL,NULL),(25881,'M','FRANCAIS(E)',NULL,NULL,'22',NULL,'0601010967R',NULL,NULL,'2010-2011','Techniciens','2008','AB','S   ',NULL,NULL,NULL,NULL,NULL,NULL,NULL,NULL),(25882,'F','FRANCAIS(E)',NULL,NULL,'22',NULL,'2500019454A',NULL,NULL,'2010-2011',NULL,'2007','AB','S   ','92',NULL,NULL,NULL,NULL,NULL,NULL,NULL),(25883,'M','FRANCAIS(E)',NULL,NULL,'23',NULL,'0600018052K',NULL,NULL,'2010-2011',NULL,'2007',' ','S   ','43',NULL,NULL,NULL,NULL,NULL,NULL,NULL),(25884,'M','FRANCAIS(E)',NULL,NULL,'21',NULL,'1002018607K',NULL,NULL,'2010-2011','Commerçants et assimilés','2009','AB','S   ','42',NULL,NULL,NULL,NULL,NULL,NULL,NULL),(25885,'M','FRANCAIS(E)',NULL,NULL,'22',NULL,'1101027653N',NULL,NULL,'2010-2011',NULL,'2008',' ','S   ','48',NULL,NULL,NULL,NULL,NULL,NULL,NULL),(25886,'M','FRANCAIS(E)',NULL,NULL,'22',NULL,'1000024191S',NULL,NULL,'2010-2011',NULL,'2007','AB','S   ',NULL,NULL,NULL,NULL,NULL,NULL,NULL,NULL),(25887,'M','FRANCAIS(E)',NULL,NULL,'23',NULL,'0900002454M',NULL,NULL,'2010-2011',NULL,'2007',' ','S   ','62',NULL,NULL,NULL,NULL,NULL,NULL,NULL),(25888,'M','FRANCAIS(E)',NULL,NULL,'21',NULL,'0902003384L',NULL,NULL,'2010-2011',NULL,'2009','B ','S   ','59',NULL,NULL,NULL,NULL,NULL,NULL,NULL),(25889,'M','FRANCAIS(E)',NULL,NULL,'23',NULL,'1900002236X',NULL,NULL,'2010-2011','Ouvriers non qualifiés','2007',' ','S   ','10',NULL,NULL,NULL,NULL,NULL,NULL,NULL),(25890,'M','FRANCAIS(E)',NULL,NULL,'21',NULL,'0202009613S',NULL,NULL,'2010-2011',NULL,'2009',' ','S   ','13',NULL,NULL,NULL,NULL,NULL,NULL,NULL),(25891,'M','CHINOIS(E)',NULL,NULL,'25',NULL,'2306000284Y',NULL,NULL,'2010-2011',NULL,'2006','AB','S   ','33',NULL,NULL,NULL,NULL,NULL,NULL,NULL),(25892,'M','FRANCAIS(E)',NULL,NULL,'22',NULL,'1601015849U',NULL,NULL,'2010-2011','Artisans','2009','B ','STI ','65',NULL,NULL,NULL,NULL,NULL,NULL,NULL),(25893,'M','FRANCAIS(E)',NULL,NULL,'23',NULL,'0600017479M',NULL,NULL,'2010-2011',NULL,'2007','AB','S   ','63',NULL,NULL,NULL,NULL,NULL,NULL,NULL),(25894,'M','FRANCAIS(E)',NULL,NULL,'22',NULL,'2501006203D',NULL,NULL,'2010-2011',NULL,'2008','AB','S   ','95',NULL,NULL,NULL,NULL,NULL,NULL,NULL),(25895,'M','FRANCAIS(E)',NULL,NULL,'23',NULL,'1100008572S',NULL,NULL,'2010-2011','Employés administratifs d\'entreprise','2007','B ','S   ','30',NULL,NULL,NULL,NULL,NULL,NULL,NULL),(25896,'M','FRANCAIS(E)',NULL,NULL,'21',NULL,'0602004856E',NULL,NULL,'2010-2011','Anciens employés et ouvriers','2009',' ','S   ','63',NULL,NULL,NULL,NULL,NULL,NULL,NULL),(25897,'M','FRANCAIS(E)',NULL,NULL,'21',NULL,'1201006828E',NULL,NULL,'2010-2011','Professions libérales et assimilés','2008','B ','S   ','57',NULL,NULL,NULL,NULL,NULL,NULL,NULL),(25898,'M','FRANCAIS(E)',NULL,NULL,'23',NULL,'0600017135N',NULL,NULL,'2010-2011',NULL,'2007','AB','S   ','63',NULL,NULL,NULL,NULL,NULL,NULL,NULL),(25899,'M','FRANCAIS(E)',NULL,NULL,'23',NULL,'0800032963X',NULL,NULL,'2010-2011',NULL,'2007',' ','S   ','38',NULL,NULL,NULL,NULL,NULL,NULL,NULL),(25900,'M','FRANCAIS(E)',NULL,NULL,'21',NULL,'2802017119G',NULL,NULL,'2010-2011',NULL,'2009','B ','S   ','974',NULL,NULL,NULL,NULL,NULL,NULL,NULL),(25901,'M','FRANCAIS(E)',NULL,NULL,'23',NULL,'1400049777L',NULL,NULL,'2010-2011','Agriculteurs exploitants','2007','AB','S   ','56',NULL,NULL,NULL,NULL,NULL,NULL,NULL),(25902,'M','FRANCAIS(E)',NULL,NULL,'22',NULL,'0401042264E',NULL,NULL,'2010-2011','Commerçants et assimilés','2008',' ','S   ','63',NULL,NULL,NULL,NULL,NULL,NULL,NULL),(25903,'F','FRANCAIS(E)',NULL,NULL,'23',NULL,'2500059782K',NULL,NULL,'2010-2011',NULL,'2007',' ','S   ','78',NULL,NULL,NULL,NULL,NULL,NULL,NULL),(25904,'M','FRANCAIS(E)',NULL,NULL,'23',NULL,'0600004050R',NULL,NULL,'2010-2011','Contremaîtres, agents de maîtrise','2008','AB','S   ',NULL,NULL,NULL,NULL,NULL,NULL,NULL,NULL),(25905,'M','FRANCAIS(E)',NULL,NULL,'22',NULL,'0701007385Z',NULL,NULL,'2010-2011',NULL,'2008','B ','S   ','21',NULL,NULL,NULL,NULL,NULL,NULL,NULL),(25906,'F','MEXICAIN(E)',NULL,NULL,'24',NULL,'0DJADL1FIJ9',NULL,NULL,'2010-2011',NULL,'2003',' ','31',NULL,NULL,NULL,NULL,NULL,NULL,NULL,NULL),(25907,'M','FRANCAIS(E)',NULL,NULL,'21',NULL,'1002019396T',NULL,NULL,'2010-2011',NULL,'2009','AB','S   ','42',NULL,NULL,NULL,NULL,NULL,NULL,NULL),(25908,'M','FRANCAIS(E)',NULL,NULL,'21',NULL,'0802002650L',NULL,NULL,'2010-2011','Artisans','2009','AB','S   ',NULL,NULL,NULL,NULL,NULL,NULL,NULL,NULL),(25909,'M','MAROCAIN(E)',NULL,NULL,'22',NULL,'1308018075C',NULL,NULL,'2010-2011',NULL,'2008',' ','31',NULL,NULL,NULL,NULL,NULL,NULL,NULL,NULL),(25910,'M','FRANCAIS(E)',NULL,NULL,'22',NULL,'0601015142D',NULL,NULL,'2010-2011','Anciens employés et ouvriers','2008','AB','S   ','63',NULL,NULL,NULL,NULL,NULL,NULL,NULL),(25911,'M','FRANCAIS(E)',NULL,NULL,'23',NULL,'0600017736S',NULL,NULL,'2010-2011','Ouvriers qualifiés','2007','AB','S   ','43',NULL,NULL,NULL,NULL,NULL,NULL,NULL),(25912,'M','FRANCAIS(E)',NULL,NULL,'24',NULL,'1199026557L',NULL,NULL,'2010-2011',NULL,'2006','B ','S   ','66',NULL,NULL,NULL,NULL,NULL,NULL,NULL),(25913,'M','FRANCAIS(E)',NULL,NULL,'23',NULL,'0299006432S',NULL,NULL,'2010-2011',NULL,'2006','AB','S   ','13',NULL,NULL,NULL,NULL,NULL,NULL,NULL),(25914,'M','FRANCAIS(E)',NULL,NULL,'22',NULL,'0400025431B',NULL,NULL,'2010-2011','Anciens cadres et professions intermédiaires','2007','B ','S   ','47',NULL,NULL,NULL,NULL,NULL,NULL,NULL),(25915,'M','FRANCAIS(E)',NULL,NULL,'23',NULL,'0800014407C',NULL,NULL,'2010-2011',NULL,'2008','TB','S   ','26',NULL,NULL,NULL,NULL,NULL,NULL,NULL),(25916,'M','FRANCAIS(E)',NULL,NULL,'23',NULL,'2100002019R',NULL,NULL,'2010-2011','Professions libérales et assimilés','2007','B ','S   ','76',NULL,NULL,NULL,NULL,NULL,NULL,NULL),(25917,'M','BRITANNIQUE',NULL,NULL,'22',NULL,'1001023332P',NULL,NULL,'2010-2011',NULL,'2009','AB','S   ','69',NULL,NULL,NULL,NULL,NULL,NULL,NULL),(25918,'M','MAROCAIN(E)',NULL,NULL,'20',NULL,'0DJADL1F7O8',NULL,NULL,'2010-2011','Professions libérales et assimilés','2009',' ','31',NULL,NULL,NULL,NULL,NULL,NULL,NULL,NULL),(25919,'M','TUNISIEN(NE)',NULL,NULL,'22',NULL,'0DJADL1F6Z3',NULL,NULL,'2010-2011',NULL,'2009',' ','31',NULL,NULL,NULL,NULL,NULL,NULL,NULL,NULL),(25920,'M','SENEGALAIS(E)',NULL,NULL,'23',NULL,'2107017900Y',NULL,NULL,'2010-2011',NULL,'2007','AB','31',NULL,NULL,NULL,NULL,NULL,NULL,NULL,NULL),(25921,'M','FRANCAIS(E)',NULL,NULL,'23',NULL,'0700010407C',NULL,NULL,'2010-2011','Techniciens','2007','AB','S   ','58',NULL,NULL,NULL,NULL,NULL,NULL,NULL),(25922,'F','FRANCAIS(E)',NULL,NULL,'23',NULL,'0899019222G',NULL,NULL,'2010-2011','Contremaîtres, agents de maîtrise','2006','B ','S   ',NULL,NULL,NULL,NULL,NULL,NULL,NULL,NULL),(25923,'M','FRANCAIS(E)',NULL,NULL,'21',NULL,'0602002910P',NULL,NULL,'2010-2011','Contremaîtres, agents de maîtrise','2009','AB','STI ','63',NULL,NULL,NULL,NULL,NULL,NULL,NULL),(25924,'F','BURUNDAIS(E)',NULL,NULL,'30',NULL,'0DJADL1FJL7',NULL,NULL,'2010-2011',NULL,'2003',' ','31',NULL,NULL,NULL,NULL,NULL,NULL,NULL,NULL),(25925,'M','MAROCAIN(E)',NULL,NULL,'24',NULL,'0DJADJ0XQJ7',NULL,NULL,'2010-2011',NULL,'2006',' ','31',NULL,NULL,NULL,NULL,NULL,NULL,NULL,NULL),(25926,'M','FRANCAIS(E)',NULL,NULL,'21',NULL,'2101031386T',NULL,NULL,'2010-2011','Professions libérales et assimilés','2008','P ','S   ','76',NULL,NULL,NULL,NULL,NULL,NULL,NULL),(25927,'M','FRANCAIS(E)',NULL,NULL,'22',NULL,'0601004924X',NULL,NULL,'2010-2011',NULL,'2008','B ','S   ','43',NULL,NULL,NULL,NULL,NULL,NULL,NULL),(25928,'M','FRANCAIS(E)',NULL,NULL,'21',NULL,'0902006168M',NULL,NULL,'2010-2011','Contremaîtres, agents de maîtrise','2009','TB','S   ','62',NULL,NULL,NULL,NULL,NULL,NULL,NULL),(25929,'M','CHINOIS(E)',NULL,NULL,'27',NULL,'0DJADJ12SS8',NULL,NULL,'2010-2011',NULL,'2005',' ','31',NULL,NULL,NULL,NULL,NULL,NULL,NULL,NULL),(25930,'M','INDIEN(NE)',NULL,NULL,'29',NULL,'0DJADK19WC4',NULL,NULL,'2010-2011',NULL,'2004',' ','31',NULL,NULL,NULL,NULL,NULL,NULL,NULL,NULL),(25931,'M','FRANCAIS(E)',NULL,NULL,'24',NULL,'1699028892K',NULL,NULL,'2010-2011','Techniciens','2008','P ','S   ','81',NULL,NULL,NULL,NULL,NULL,NULL,NULL),(25932,'M','CHINOIS(E)',NULL,NULL,'29',NULL,'0DJADK1BOS4',NULL,NULL,'2010-2011',NULL,'2004',' ','31',NULL,NULL,NULL,NULL,NULL,NULL,NULL,NULL),(25933,'M','CHINOIS(E)',NULL,NULL,'24',NULL,'0DJADI0SV13',NULL,NULL,'2010-2011','Techniciens','2006',' ','31',NULL,NULL,NULL,NULL,NULL,NULL,NULL,NULL),(25934,'M','FRANCAIS(E)',NULL,NULL,'22',NULL,'0201018832F',NULL,NULL,'2010-2011',NULL,'2008','AB','S   ','13',NULL,NULL,NULL,NULL,NULL,NULL,NULL),(25935,'M','FRANCAIS(E)',NULL,NULL,'22',NULL,'0908045878P',NULL,NULL,'2010-2011','Contremaîtres, agents de maîtrise','2008','B ','S   ','59',NULL,NULL,NULL,NULL,NULL,NULL,NULL),(25936,'M','FRANCAIS(E)',NULL,NULL,'24',NULL,'0699001473K',NULL,NULL,'2010-2011','Techniciens','2006','AB','S   ','63',NULL,NULL,NULL,NULL,NULL,NULL,NULL),(25937,'M','FRANCAIS(E)',NULL,NULL,'22',NULL,'2401067219Y',NULL,NULL,'2010-2011','Professions libérales et assimilés','2008','B ','S   ','93',NULL,NULL,NULL,NULL,NULL,NULL,NULL),(25938,'M','FRANCAIS(E)',NULL,NULL,'31',NULL,'0696012593C',NULL,NULL,'2010-2011',NULL,'2000','AB','STI ','63',NULL,NULL,NULL,NULL,NULL,NULL,NULL),(25939,'M','VIETNAMIEN(NE)',NULL,NULL,'25',NULL,'2304031840K',NULL,NULL,'2010-2011','Employés de commerce','2008','TB','S   ','83',NULL,NULL,NULL,NULL,NULL,NULL,NULL),(25940,'M','FRANCAIS(E)',NULL,NULL,'21',NULL,'1602008562E',NULL,NULL,'2010-2011',NULL,'2009','AB','S   ','31',NULL,NULL,NULL,NULL,NULL,NULL,NULL),(25941,'M','FRANCAIS(E)',NULL,NULL,'23',NULL,'1100002140A',NULL,NULL,'2010-2011',NULL,'2007','AB','S   ','34',NULL,NULL,NULL,NULL,NULL,NULL,NULL),(25942,'M','FRANCAIS(E)',NULL,NULL,'21',NULL,'0602007686F',NULL,NULL,'2010-2011',NULL,'2009','AB','S   ',NULL,NULL,NULL,NULL,NULL,NULL,NULL,NULL),(25943,'M','FRANCAIS(E)',NULL,NULL,'25',NULL,'0698009577M',NULL,NULL,'2010-2011',NULL,'2006','AB','S   ','63',NULL,NULL,NULL,NULL,NULL,NULL,NULL),(25944,'M','FRANCAIS(E)',NULL,NULL,'22',NULL,'0401012782J',NULL,NULL,'2010-2011',NULL,'2008',' ','S   ','40',NULL,NULL,NULL,NULL,NULL,NULL,NULL),(25945,'F','FRANCAIS(E)',NULL,NULL,'21',NULL,'0902017841A',NULL,NULL,'2010-2011','Anciens cadres et professions intermédiaires','2009','TB','S   ','59',NULL,NULL,NULL,NULL,NULL,NULL,NULL),(25946,'M','FRANCAIS(E)',NULL,NULL,'22',NULL,'0601015448L',NULL,NULL,'2010-2011','Contremaîtres, agents de maîtrise','2008',' ','S   ','63',NULL,NULL,NULL,NULL,NULL,NULL,NULL),(25947,'M','FRANCAIS(E)',NULL,NULL,'22',NULL,'0601014949U',NULL,NULL,'2010-2011','Ouvriers non qualifiés','2008','B ','S   ','63',NULL,NULL,NULL,NULL,NULL,NULL,NULL),(25948,'F','FRANCAIS(E)',NULL,NULL,'23',NULL,'0400034043M',NULL,NULL,'2010-2011',NULL,'2008','B ','S   ','33',NULL,NULL,NULL,NULL,NULL,NULL,NULL),(25949,'M','FRANCAIS(E)',NULL,NULL,'22',NULL,'0601003288U',NULL,NULL,'2010-2011',NULL,'2008','B ','S   ','15',NULL,NULL,NULL,NULL,NULL,NULL,NULL),(25950,'F','FRANCAIS(E)',NULL,NULL,'23',NULL,'1900009263K',NULL,NULL,'2010-2011',NULL,'2007','B ','S   ','10',NULL,NULL,NULL,NULL,NULL,NULL,NULL),(25951,'M','FRANCAIS(E)',NULL,NULL,'24',NULL,'0299014731M',NULL,NULL,'2010-2011','Ouvriers qualifiés','2007',' ','S   ','13',NULL,NULL,NULL,NULL,NULL,NULL,NULL),(25952,'M','FRANCAIS(E)',NULL,NULL,'38',NULL,'0DJAD003SC8',NULL,NULL,'2010-2011',NULL,'1993','P ','D   ','63',NULL,NULL,NULL,NULL,NULL,NULL,NULL),(25953,'M','FRANCAIS(E)',NULL,NULL,'24',NULL,'0700012616D',NULL,NULL,'2010-2011','Inactifs divers (autres que retraités)','2007','AB','S   ','58',NULL,NULL,NULL,NULL,NULL,NULL,NULL),(25954,'F','CHINOIS(E)',NULL,NULL,'32',NULL,'0DJADK1BOT5',NULL,NULL,'2010-2011',NULL,'1999',' ','31',NULL,NULL,NULL,NULL,NULL,NULL,NULL,NULL),(25955,'F','TUNISIEN(NE)',NULL,NULL,'24',NULL,'090X3I00QP9',NULL,NULL,'2010-2011',NULL,'2006',' ','31',NULL,NULL,NULL,NULL,NULL,NULL,NULL,NULL),(25956,'M','FRANCAIS(E)',NULL,NULL,'21',NULL,'0102005491J',NULL,NULL,'2010-2011','Inactifs divers (autres que retraités)','2009',' ','S   ','75',NULL,NULL,NULL,NULL,NULL,NULL,NULL),(25957,'M','CHINOIS(E)',NULL,NULL,'24',NULL,'0DJADK1BOU6',NULL,NULL,'2010-2011',NULL,'2006',' ','31',NULL,NULL,NULL,NULL,NULL,NULL,NULL,NULL),(25958,'M','CHINOIS(E)',NULL,NULL,'24',NULL,'0DJADK1BOV7',NULL,NULL,'2010-2011',NULL,'2006',' ','31',NULL,NULL,NULL,NULL,NULL,NULL,NULL,NULL),(25959,'F','MAROCAIN(E)',NULL,NULL,'24',NULL,'1306019497K',NULL,NULL,'2010-2011',NULL,'2006',' ','31',NULL,NULL,NULL,NULL,NULL,NULL,NULL,NULL),(25960,NULL,NULL,NULL,NULL,'42',NULL,NULL,NULL,NULL,'2010-null',NULL,NULL,NULL,NULL,NULL,NULL,NULL,NULL,NULL,NULL,NULL,NULL),(25961,NULL,NULL,NULL,NULL,'42',NULL,NULL,NULL,NULL,'2010-null',NULL,NULL,NULL,NULL,NULL,NULL,NULL,NULL,NULL,NULL,NULL,NULL),(25962,NULL,NULL,NULL,NULL,'42',NULL,NULL,NULL,NULL,'2010-null',NULL,NULL,NULL,NULL,NULL,NULL,NULL,NULL,NULL,NULL,NULL,NULL),(25963,NULL,NULL,NULL,NULL,'42',NULL,NULL,NULL,NULL,'2010-null',NULL,NULL,NULL,NULL,NULL,NULL,NULL,NULL,NULL,NULL,NULL,NULL),(25964,NULL,NULL,NULL,NULL,'42',NULL,NULL,NULL,NULL,'2010-null',NULL,NULL,NULL,NULL,NULL,NULL,NULL,NULL,NULL,NULL,NULL,NULL),(25965,NULL,NULL,NULL,NULL,'42',NULL,NULL,NULL,NULL,'2010-null',NULL,NULL,NULL,NULL,NULL,NULL,NULL,NULL,NULL,NULL,NULL,NULL),(25966,NULL,NULL,NULL,NULL,'42',NULL,NULL,NULL,NULL,'2010-null',NULL,NULL,NULL,NULL,NULL,NULL,NULL,NULL,NULL,NULL,NULL,NULL),(25967,NULL,NULL,NULL,NULL,'42',NULL,NULL,NULL,NULL,'2010-null',NULL,NULL,NULL,NULL,NULL,NULL,NULL,NULL,NULL,NULL,NULL,NULL),(25968,NULL,NULL,NULL,NULL,'42',NULL,NULL,NULL,NULL,'2010-null',NULL,NULL,NULL,NULL,NULL,NULL,NULL,NULL,NULL,NULL,NULL,NULL),(25969,NULL,NULL,NULL,NULL,'42',NULL,NULL,NULL,NULL,'2010-null',NULL,NULL,NULL,NULL,NULL,NULL,NULL,NULL,NULL,NULL,NULL,NULL),(25970,'M','FRANCAIS(E)',NULL,NULL,'22',NULL,NULL,NULL,NULL,'2010-null',NULL,'2008',NULL,NULL,'63',NULL,NULL,NULL,NULL,NULL,NULL,NULL),(25971,'M','FRANCAIS(E)',NULL,NULL,'22',NULL,NULL,NULL,NULL,'2010-null',NULL,'2008',NULL,NULL,'95',NULL,NULL,NULL,NULL,NULL,NULL,NULL),(25972,'M','FRANCAIS(E)',NULL,NULL,'22',NULL,NULL,NULL,NULL,'2010-null',NULL,'2008',NULL,NULL,'66',NULL,NULL,NULL,NULL,NULL,NULL,NULL),(25973,'M','FRANCAIS(E)',NULL,NULL,'24',NULL,NULL,NULL,NULL,'2010-null',NULL,'2008',NULL,NULL,'63',NULL,NULL,NULL,NULL,NULL,NULL,NULL),(25974,'M','FRANCAIS(E)',NULL,NULL,'23',NULL,NULL,NULL,NULL,'2010-null',NULL,'2007',NULL,NULL,'60',NULL,NULL,NULL,NULL,NULL,NULL,NULL),(25975,'M','FRANCAIS(E)',NULL,NULL,'22',NULL,NULL,NULL,NULL,'2010-null',NULL,'2008',NULL,NULL,'57',NULL,NULL,NULL,NULL,NULL,NULL,NULL),(25976,'M','FRANCAIS(E)',NULL,NULL,'23',NULL,NULL,NULL,NULL,'2010-null',NULL,'2007',NULL,NULL,'10',NULL,NULL,NULL,NULL,NULL,NULL,NULL),(25977,'M','FRANCAIS(E)',NULL,NULL,'23',NULL,NULL,NULL,NULL,'2010-null',NULL,'2007',NULL,NULL,'43',NULL,NULL,NULL,NULL,NULL,NULL,NULL),(25978,'M','FRANCAIS(E)',NULL,NULL,'22',NULL,NULL,NULL,NULL,'2010-null',NULL,'2008',NULL,NULL,NULL,NULL,NULL,NULL,NULL,NULL,NULL,NULL),(25979,'M','FRANCAIS(E)',NULL,NULL,'22',NULL,NULL,NULL,NULL,'2010-null',NULL,'2008',NULL,NULL,'63',NULL,NULL,NULL,NULL,NULL,NULL,NULL),(25980,'M','FRANCAIS(E)',NULL,NULL,'26',NULL,NULL,NULL,NULL,'2010-null',NULL,'2005',NULL,NULL,NULL,NULL,NULL,NULL,NULL,NULL,NULL,NULL),(25981,'F','FRANCAIS(E)',NULL,NULL,'23',NULL,NULL,NULL,NULL,'2010-null',NULL,'2006',NULL,NULL,NULL,NULL,NULL,NULL,NULL,NULL,NULL,NULL),(25982,'M','FRANCAIS(E)',NULL,NULL,'22',NULL,NULL,NULL,NULL,'2010-null',NULL,'2008',NULL,NULL,'63',NULL,NULL,NULL,NULL,NULL,NULL,NULL),(25983,'M','FRANCAIS(E)',NULL,NULL,'22',NULL,NULL,NULL,NULL,'2010-null',NULL,'2008',NULL,NULL,'74',NULL,NULL,NULL,NULL,NULL,NULL,NULL),(25984,'M','FRANCAIS(E)',NULL,NULL,'21',NULL,NULL,NULL,NULL,'2010-null',NULL,'2008',NULL,NULL,'65',NULL,NULL,NULL,NULL,NULL,NULL,NULL),(25985,'F','FRANCAIS(E)',NULL,NULL,'22',NULL,NULL,NULL,NULL,'2010-null',NULL,'2008',NULL,NULL,'63',NULL,NULL,NULL,NULL,NULL,NULL,NULL),(25986,'M','FRANCAIS(E)',NULL,NULL,'22',NULL,NULL,NULL,NULL,'2010-null',NULL,'2008',NULL,NULL,'15',NULL,NULL,NULL,NULL,NULL,NULL,NULL),(25987,'M','FRANCAIS(E)',NULL,NULL,'22',NULL,NULL,NULL,NULL,'2010-null',NULL,'2007',NULL,NULL,NULL,NULL,NULL,NULL,NULL,NULL,NULL,NULL),(25988,'M','FRANCAIS(E)',NULL,NULL,'23',NULL,NULL,NULL,NULL,'2010-null',NULL,'2005',NULL,NULL,'63',NULL,NULL,NULL,NULL,NULL,NULL,NULL),(25989,'F','FRANCAIS(E)',NULL,NULL,'24',NULL,NULL,NULL,NULL,'2010-null',NULL,'2006',NULL,NULL,'63',NULL,NULL,NULL,NULL,NULL,NULL,NULL),(25990,'M','FRANCAIS(E)',NULL,NULL,'22',NULL,NULL,NULL,NULL,'2010-null',NULL,'2008',NULL,NULL,'63',NULL,NULL,NULL,NULL,NULL,NULL,NULL),(25991,'M','FRANCAIS(E)',NULL,NULL,'22',NULL,NULL,NULL,NULL,'2010-null',NULL,'2008',NULL,NULL,NULL,NULL,NULL,NULL,NULL,NULL,NULL,NULL),(25992,'M','FRANCAIS(E)',NULL,NULL,'24',NULL,NULL,NULL,NULL,'2010-null',NULL,'2007',NULL,NULL,'58',NULL,NULL,NULL,NULL,NULL,NULL,NULL),(25993,'M','FRANCAIS(E)',NULL,NULL,'23',NULL,NULL,NULL,NULL,'2010-null',NULL,'2007',NULL,NULL,NULL,NULL,NULL,NULL,NULL,NULL,NULL,NULL),(25994,'F','ALGERIEN(NE)',NULL,NULL,'23',NULL,NULL,NULL,NULL,'2010-null',NULL,'2007',NULL,NULL,'83',NULL,NULL,NULL,NULL,NULL,NULL,NULL),(25995,'M','FRANCAIS(E)',NULL,NULL,'22',NULL,NULL,NULL,NULL,'2010-null',NULL,'2007',NULL,NULL,'69',NULL,NULL,NULL,NULL,NULL,NULL,NULL),(25996,'M','FRANCAIS(E)',NULL,NULL,'22',NULL,NULL,NULL,NULL,'2010-null',NULL,'2007',NULL,NULL,'93',NULL,NULL,NULL,NULL,NULL,NULL,NULL),(25997,'M','FRANCAIS(E)',NULL,NULL,'23',NULL,NULL,NULL,NULL,'2010-null',NULL,'2007',NULL,NULL,'38',NULL,NULL,NULL,NULL,NULL,NULL,NULL),(25998,'M','FRANCAIS(E)',NULL,NULL,'23',NULL,NULL,NULL,NULL,'2010-null',NULL,'2007',NULL,NULL,'56',NULL,NULL,NULL,NULL,NULL,NULL,NULL),(25999,'M','FRANCAIS(E)',NULL,NULL,'23',NULL,NULL,NULL,NULL,'2010-null',NULL,'2007',NULL,NULL,'73',NULL,NULL,NULL,NULL,NULL,NULL,NULL),(26000,'M','FRANCAIS(E)',NULL,NULL,'24',NULL,NULL,NULL,NULL,'2010-null',NULL,'2007',NULL,NULL,'92',NULL,NULL,NULL,NULL,NULL,NULL,NULL),(26001,'M','FRANCAIS(E)',NULL,NULL,'23',NULL,NULL,NULL,NULL,'2010-null',NULL,'2007',NULL,NULL,'77',NULL,NULL,NULL,NULL,NULL,NULL,NULL),(26002,'M','FRANCAIS(E)',NULL,NULL,'25',NULL,NULL,NULL,NULL,'2010-null',NULL,'2006',NULL,NULL,'63',NULL,NULL,NULL,NULL,NULL,NULL,NULL),(26003,'M','FRANCAIS(E)',NULL,NULL,'22',NULL,NULL,NULL,NULL,'2010-null',NULL,'2007',NULL,NULL,'47',NULL,NULL,NULL,NULL,NULL,NULL,NULL),(26004,'M','FRANCAIS(E)',NULL,NULL,'24',NULL,NULL,NULL,NULL,'2010-null',NULL,'2006',NULL,NULL,'92',NULL,NULL,NULL,NULL,NULL,NULL,NULL),(26005,'M','FRANCAIS(E)',NULL,NULL,'25',NULL,NULL,NULL,NULL,'2010-null',NULL,'2006',NULL,NULL,'35',NULL,NULL,NULL,NULL,NULL,NULL,NULL),(26006,'M','FRANCAIS(E)',NULL,NULL,'24',NULL,NULL,NULL,NULL,'2010-null',NULL,'2006',NULL,NULL,'13',NULL,NULL,NULL,NULL,NULL,NULL,NULL),(26007,'F','FRANCAIS(E)',NULL,NULL,'23',NULL,NULL,NULL,NULL,'2010-null',NULL,'2007',NULL,NULL,'81',NULL,NULL,NULL,NULL,NULL,NULL,NULL),(26008,'M','FRANCAIS(E)',NULL,NULL,'26',NULL,NULL,NULL,NULL,'2010-null',NULL,'2005',NULL,NULL,'63',NULL,NULL,NULL,NULL,NULL,NULL,NULL),(26009,'M','FRANCAIS(E)',NULL,NULL,'23',NULL,NULL,NULL,NULL,'2010-null',NULL,'2007',NULL,NULL,'63',NULL,NULL,NULL,NULL,NULL,NULL,NULL),(26010,'M','FRANCAIS(E)',NULL,NULL,'23',NULL,NULL,NULL,NULL,'2010-null',NULL,'2007',NULL,NULL,'91',NULL,NULL,NULL,NULL,NULL,NULL,NULL),(26011,'M','FRANCAIS(E)',NULL,NULL,'24',NULL,NULL,NULL,NULL,'2010-null',NULL,'2006',NULL,NULL,'66',NULL,NULL,NULL,NULL,NULL,NULL,NULL),(26012,'M','FRANCAIS(E)',NULL,NULL,'24',NULL,NULL,NULL,NULL,'2010-null',NULL,'2007',NULL,NULL,'63',NULL,NULL,NULL,NULL,NULL,NULL,NULL),(26013,'M','FRANCAIS(E)',NULL,NULL,'23',NULL,NULL,NULL,NULL,'2010-null',NULL,'2007',NULL,NULL,'76',NULL,NULL,NULL,NULL,NULL,NULL,NULL),(26014,'M','FRANCAIS(E)',NULL,NULL,'21',NULL,NULL,NULL,NULL,'2010-null',NULL,'2008',NULL,NULL,'57',NULL,NULL,NULL,NULL,NULL,NULL,NULL),(26015,'M','FRANCAIS(E)',NULL,NULL,'23',NULL,NULL,NULL,NULL,'2010-null',NULL,'2008',NULL,NULL,'44',NULL,NULL,NULL,NULL,NULL,NULL,NULL),(26016,'M','FRANCAIS(E)',NULL,NULL,'23',NULL,NULL,NULL,NULL,'2010-null',NULL,'2008',NULL,NULL,'68',NULL,NULL,NULL,NULL,NULL,NULL,NULL),(26017,'M','FRANCAIS(E)',NULL,NULL,'22',NULL,NULL,NULL,NULL,'2010-null',NULL,'2008',NULL,NULL,NULL,NULL,NULL,NULL,NULL,NULL,NULL,NULL),(26018,'M','VIETNAMIEN(NE)',NULL,NULL,'25',NULL,NULL,NULL,NULL,'2010-null',NULL,'2008',NULL,NULL,'83',NULL,NULL,NULL,NULL,NULL,NULL,NULL),(26019,'F','MAROCAIN(E)',NULL,NULL,'24',NULL,NULL,NULL,NULL,'2010-null',NULL,'2006',NULL,NULL,NULL,NULL,NULL,NULL,NULL,NULL,NULL,NULL),(26020,'M','FRANCAIS(E)',NULL,NULL,'22',NULL,NULL,NULL,NULL,'2010-null',NULL,'2008',NULL,NULL,'91',NULL,NULL,NULL,NULL,NULL,NULL,NULL),(26021,'M','FRANCAIS(E)',NULL,NULL,'24',NULL,NULL,NULL,NULL,'2010-null',NULL,'2006',NULL,NULL,'12',NULL,NULL,NULL,NULL,NULL,NULL,NULL),(26022,'M','MAROCAIN(E)',NULL,NULL,'26',NULL,NULL,NULL,NULL,'2010-null',NULL,'2005',NULL,NULL,NULL,NULL,NULL,NULL,NULL,NULL,NULL,NULL),(26023,'M','FRANCAIS(E)',NULL,NULL,'23',NULL,NULL,NULL,NULL,'2010-null',NULL,'2007',NULL,NULL,'63',NULL,NULL,NULL,NULL,NULL,NULL,NULL),(26024,'M','FRANCAIS(E)',NULL,NULL,'22',NULL,NULL,NULL,NULL,'2010-null',NULL,'2007',NULL,NULL,'89',NULL,NULL,NULL,NULL,NULL,NULL,NULL),(26025,'F','FRANCAIS(E)',NULL,NULL,'23',NULL,NULL,NULL,NULL,'2010-null',NULL,'2007',NULL,NULL,'38',NULL,NULL,NULL,NULL,NULL,NULL,NULL),(26026,'M','FRANCAIS(E)',NULL,NULL,'22',NULL,NULL,NULL,NULL,'2010-null',NULL,'2008',NULL,NULL,'86',NULL,NULL,NULL,NULL,NULL,NULL,NULL),(26027,'M','FRANCAIS(E)',NULL,NULL,'23',NULL,NULL,NULL,NULL,'2010-null',NULL,'2007',NULL,NULL,'30',NULL,NULL,NULL,NULL,NULL,NULL,NULL),(26028,'M','FRANCAIS(E)',NULL,NULL,'24',NULL,NULL,NULL,NULL,'2010-null',NULL,'2007',NULL,NULL,'13',NULL,NULL,NULL,NULL,NULL,NULL,NULL),(26029,'M','CHINOIS(E)',NULL,NULL,'25',NULL,NULL,NULL,NULL,'2010-null',NULL,'2005',NULL,NULL,NULL,NULL,NULL,NULL,NULL,NULL,NULL,NULL),(26030,'F','FRANCAIS(E)',NULL,NULL,'23',NULL,NULL,NULL,NULL,'2010-null',NULL,'2007',NULL,NULL,'95',NULL,NULL,NULL,NULL,NULL,NULL,NULL),(26031,'F','FRANCAIS(E)',NULL,NULL,'25',NULL,NULL,NULL,NULL,'2010-null',NULL,'2007',NULL,NULL,'92',NULL,NULL,NULL,NULL,NULL,NULL,NULL),(26032,'M','MAROCAIN(E)',NULL,NULL,'24',NULL,NULL,NULL,NULL,'2010-null',NULL,'2006',NULL,NULL,NULL,NULL,NULL,NULL,NULL,NULL,NULL,NULL),(26033,'M','FRANCAIS(E)',NULL,NULL,'23',NULL,NULL,NULL,NULL,'2010-null',NULL,'2007',NULL,NULL,'63',NULL,NULL,NULL,NULL,NULL,NULL,NULL),(26034,'M','FRANCAIS(E)',NULL,NULL,'22',NULL,NULL,NULL,NULL,'2010-null',NULL,'2008',NULL,NULL,NULL,NULL,NULL,NULL,NULL,NULL,NULL,NULL),(26035,'M','FRANCAIS(E)',NULL,NULL,'22',NULL,NULL,NULL,NULL,'2010-null',NULL,'2008',NULL,NULL,'43',NULL,NULL,NULL,NULL,NULL,NULL,NULL),(26036,'M','AMERICAIN(E)',NULL,NULL,'26',NULL,NULL,NULL,NULL,'2010-null',NULL,'2004',NULL,NULL,NULL,NULL,NULL,NULL,NULL,NULL,NULL,NULL),(26037,'M','FRANCAIS(E)',NULL,NULL,'22',NULL,NULL,NULL,NULL,'2010-null',NULL,'2008',NULL,NULL,NULL,NULL,NULL,NULL,NULL,NULL,NULL,NULL),(26038,'M','FRANCAIS(E)',NULL,NULL,'22',NULL,NULL,NULL,NULL,'2010-null',NULL,'2008',NULL,NULL,'21',NULL,NULL,NULL,NULL,NULL,NULL,NULL),(26039,'M','FRANCAIS(E)',NULL,NULL,'21',NULL,NULL,NULL,NULL,'2010-null',NULL,'2008',NULL,NULL,'56',NULL,NULL,NULL,NULL,NULL,NULL,NULL),(26040,'M','FRANCAIS(E)',NULL,NULL,'23',NULL,NULL,NULL,NULL,'2010-null',NULL,'2007',NULL,NULL,'87',NULL,NULL,NULL,NULL,NULL,NULL,NULL),(26041,'M','FRANCAIS(E)',NULL,NULL,'23',NULL,NULL,NULL,NULL,'2010-null',NULL,'2007',NULL,NULL,'35',NULL,NULL,NULL,NULL,NULL,NULL,NULL),(26042,'M','FRANCAIS(E)',NULL,NULL,'23',NULL,NULL,NULL,NULL,'2010-null',NULL,'2007',NULL,NULL,'63',NULL,NULL,NULL,NULL,NULL,NULL,NULL),(26043,'M','FRANCAIS(E)',NULL,NULL,'22',NULL,NULL,NULL,NULL,'2010-null',NULL,'2008',NULL,NULL,'63',NULL,NULL,NULL,NULL,NULL,NULL,NULL),(26044,'F','SENEGALAIS(E)',NULL,NULL,'25',NULL,NULL,NULL,NULL,'2010-null',NULL,'2005',NULL,NULL,NULL,NULL,NULL,NULL,NULL,NULL,NULL,NULL),(26045,'M','FRANCAIS(E)',NULL,NULL,'24',NULL,NULL,NULL,NULL,'2010-null',NULL,'2006',NULL,NULL,'63',NULL,NULL,NULL,NULL,NULL,NULL,NULL),(26046,'F','FRANCAIS(E)',NULL,NULL,'22',NULL,NULL,NULL,NULL,'2010-null',NULL,'2008',NULL,NULL,'30',NULL,NULL,NULL,NULL,NULL,NULL,NULL),(26047,'M','FRANCAIS(E)',NULL,NULL,'21',NULL,NULL,NULL,NULL,'2010-null',NULL,'2007',NULL,NULL,'49',NULL,NULL,NULL,NULL,NULL,NULL,NULL),(26048,'M','FRANCAIS(E)',NULL,NULL,'23',NULL,NULL,NULL,NULL,'2010-null',NULL,'2007',NULL,NULL,NULL,NULL,NULL,NULL,NULL,NULL,NULL,NULL),(26049,'M','FRANCAIS(E)',NULL,NULL,'23',NULL,NULL,NULL,NULL,'2010-null',NULL,'2007',NULL,NULL,'69',NULL,NULL,NULL,NULL,NULL,NULL,NULL),(26050,'M','FRANCAIS(E)',NULL,NULL,'24',NULL,NULL,NULL,NULL,'2010-null',NULL,'2006',NULL,NULL,'63',NULL,NULL,NULL,NULL,NULL,NULL,NULL),(26051,'M','FRANCAIS(E)',NULL,NULL,'23',NULL,NULL,NULL,NULL,'2010-null',NULL,'2007',NULL,NULL,'76',NULL,NULL,NULL,NULL,NULL,NULL,NULL),(26052,'M','FRANCAIS(E)',NULL,NULL,'22',NULL,NULL,NULL,NULL,'2010-null',NULL,'2008',NULL,NULL,'34',NULL,NULL,NULL,NULL,NULL,NULL,NULL),(26053,'M','FRANCAIS(E)',NULL,NULL,'22',NULL,NULL,NULL,NULL,'2010-null',NULL,'2008',NULL,NULL,NULL,NULL,NULL,NULL,NULL,NULL,NULL,NULL),(26054,'M','FRANCAIS(E)',NULL,NULL,'23',NULL,NULL,NULL,NULL,'2010-null',NULL,'2007',NULL,NULL,'42',NULL,NULL,NULL,NULL,NULL,NULL,NULL),(26055,'M','FRANCAIS(E)',NULL,NULL,'23',NULL,NULL,NULL,NULL,'2010-null',NULL,'2008',NULL,NULL,'48',NULL,NULL,NULL,NULL,NULL,NULL,NULL),(26056,'M','FRANCAIS(E)',NULL,NULL,'23',NULL,NULL,NULL,NULL,'2010-null',NULL,'2007',NULL,NULL,'91',NULL,NULL,NULL,NULL,NULL,NULL,NULL),(26057,'M','FRANCAIS(E)',NULL,NULL,'24',NULL,NULL,NULL,NULL,'2010-null',NULL,'2006',NULL,NULL,NULL,NULL,NULL,NULL,NULL,NULL,NULL,NULL),(26058,'M','FRANCAIS(E)',NULL,NULL,'22',NULL,NULL,NULL,NULL,'2010-null',NULL,'2008',NULL,NULL,'43',NULL,NULL,NULL,NULL,NULL,NULL,NULL),(26059,'M','FRANCAIS(E)',NULL,NULL,'23',NULL,NULL,NULL,NULL,'2010-null',NULL,'2007',NULL,NULL,'45',NULL,NULL,NULL,NULL,NULL,NULL,NULL),(26060,'M','FRANCAIS(E)',NULL,NULL,'21',NULL,NULL,NULL,NULL,'2010-null',NULL,'2008',NULL,NULL,'86',NULL,NULL,NULL,NULL,NULL,NULL,NULL),(26061,'M','CHINOIS(E)',NULL,NULL,'24',NULL,NULL,NULL,NULL,'2010-null',NULL,'2007',NULL,NULL,NULL,NULL,NULL,NULL,NULL,NULL,NULL,NULL),(26062,'F','FRANCAIS(E)',NULL,NULL,'24',NULL,NULL,NULL,NULL,'2010-null',NULL,'2007',NULL,NULL,'91',NULL,NULL,NULL,NULL,NULL,NULL,NULL),(26063,'M','FRANCAIS(E)',NULL,NULL,'23',NULL,NULL,NULL,NULL,'2010-null',NULL,'2007',NULL,NULL,'63',NULL,NULL,NULL,NULL,NULL,NULL,NULL),(26064,'M','FRANCAIS(E)',NULL,NULL,'23',NULL,NULL,NULL,NULL,'2010-null',NULL,'2007',NULL,NULL,'63',NULL,NULL,NULL,NULL,NULL,NULL,NULL),(26065,'F','TUNISIEN(NE)',NULL,NULL,'24',NULL,NULL,NULL,NULL,'2010-null',NULL,'2007',NULL,NULL,NULL,NULL,NULL,NULL,NULL,NULL,NULL,NULL),(26066,'M','FRANCAIS(E)',NULL,NULL,'22',NULL,NULL,NULL,NULL,'2010-null',NULL,'2008',NULL,NULL,NULL,NULL,NULL,NULL,NULL,NULL,NULL,NULL),(26067,'M','FRANCAIS(E)',NULL,NULL,'23',NULL,NULL,NULL,NULL,'2010-null',NULL,'2007',NULL,NULL,'76',NULL,NULL,NULL,NULL,NULL,NULL,NULL),(26068,'M','FRANCAIS(E)',NULL,NULL,'23',NULL,NULL,NULL,NULL,'2010-null',NULL,'2007',NULL,NULL,'74',NULL,NULL,NULL,NULL,NULL,NULL,NULL),(26069,'M','FRANCAIS(E)',NULL,NULL,'23',NULL,NULL,NULL,NULL,'2010-null',NULL,'2007',NULL,NULL,'58',NULL,NULL,NULL,NULL,NULL,NULL,NULL),(26070,'F','FRANCAIS(E)',NULL,NULL,'22',NULL,NULL,NULL,NULL,'2010-null',NULL,'2007',NULL,NULL,'38',NULL,NULL,NULL,NULL,NULL,NULL,NULL),(26071,'M','FRANCAIS(E)',NULL,NULL,'25',NULL,NULL,NULL,NULL,'2010-null',NULL,'2005',NULL,NULL,'15',NULL,NULL,NULL,NULL,NULL,NULL,NULL),(26072,'M','FRANCAIS(E)',NULL,NULL,'26',NULL,NULL,NULL,NULL,'2010-null',NULL,'2004',NULL,NULL,'63',NULL,NULL,NULL,NULL,NULL,NULL,NULL),(26073,'M','FRANCAIS(E)',NULL,NULL,'22',NULL,NULL,NULL,NULL,'2010-null',NULL,'2008',NULL,NULL,'93',NULL,NULL,NULL,NULL,NULL,NULL,NULL),(26074,'M','FRANCAIS(E)',NULL,NULL,'23',NULL,NULL,NULL,NULL,'2010-null',NULL,'2007',NULL,NULL,'62',NULL,NULL,NULL,NULL,NULL,NULL,NULL),(26075,'F','FRANCAIS(E)',NULL,NULL,'22',NULL,NULL,NULL,NULL,'2010-null',NULL,'2007',NULL,NULL,'15',NULL,NULL,NULL,NULL,NULL,NULL,NULL),(26076,'M','FRANCAIS(E)',NULL,NULL,'23',NULL,NULL,NULL,NULL,'2010-null',NULL,'2008',NULL,NULL,NULL,NULL,NULL,NULL,NULL,NULL,NULL,NULL),(26077,'M','FRANCAIS(E)',NULL,NULL,'22',NULL,NULL,NULL,NULL,'2010-null',NULL,'2008',NULL,NULL,'57',NULL,NULL,NULL,NULL,NULL,NULL,NULL),(26078,'M','FRANCAIS(E)',NULL,NULL,'22',NULL,NULL,NULL,NULL,'2010-null',NULL,'2008',NULL,NULL,'63',NULL,NULL,NULL,NULL,NULL,NULL,NULL),(26079,'M','FRANCAIS(E)',NULL,NULL,'22',NULL,NULL,NULL,NULL,'2010-null',NULL,'2008',NULL,NULL,'10',NULL,NULL,NULL,NULL,NULL,NULL,NULL),(26080,'M','FRANCAIS(E)',NULL,NULL,'27',NULL,NULL,NULL,NULL,'2010-null',NULL,'2003',NULL,NULL,NULL,NULL,NULL,NULL,NULL,NULL,NULL,NULL),(26081,'M','FRANCAIS(E)',NULL,NULL,'22',NULL,NULL,NULL,NULL,'2010-null',NULL,'2007',NULL,NULL,'12',NULL,NULL,NULL,NULL,NULL,NULL,NULL),(26082,'M','MAROCAIN(E)',NULL,NULL,'23',NULL,NULL,NULL,NULL,'2010-null',NULL,'2007',NULL,NULL,NULL,NULL,NULL,NULL,NULL,NULL,NULL,NULL),(26083,'F','FRANCAIS(E)',NULL,NULL,'23',NULL,NULL,NULL,NULL,'2010-null',NULL,'2008',NULL,NULL,'33',NULL,NULL,NULL,NULL,NULL,NULL,NULL),(26084,'M','FRANCAIS(E)',NULL,NULL,'23',NULL,NULL,NULL,NULL,'2010-null',NULL,'2007',NULL,NULL,'21',NULL,NULL,NULL,NULL,NULL,NULL,NULL),(26085,'M','FRANCAIS(E)',NULL,NULL,'22',NULL,NULL,NULL,NULL,'2010-null',NULL,'2008',NULL,NULL,'87',NULL,NULL,NULL,NULL,NULL,NULL,NULL),(26086,'M','FRANCAIS(E)',NULL,NULL,'23',NULL,NULL,NULL,NULL,'2010-null',NULL,'2008',NULL,NULL,'19',NULL,NULL,NULL,NULL,NULL,NULL,NULL),(26087,'M','FRANCAIS(E)',NULL,NULL,'23',NULL,NULL,NULL,NULL,'2010-null',NULL,'2007',NULL,NULL,'75',NULL,NULL,NULL,NULL,NULL,NULL,NULL),(26088,'M','FRANCAIS(E)',NULL,NULL,'22',NULL,NULL,NULL,NULL,'2010-null',NULL,'2008',NULL,NULL,'63',NULL,NULL,NULL,NULL,NULL,NULL,NULL),(26089,'M','FRANCAIS(E)',NULL,NULL,'24',NULL,NULL,NULL,NULL,'2010-null',NULL,'2006',NULL,NULL,'36',NULL,NULL,NULL,NULL,NULL,NULL,NULL),(26090,'M','FRANCAIS(E)',NULL,NULL,'22',NULL,NULL,NULL,NULL,'2010-null',NULL,'2008',NULL,NULL,'42',NULL,NULL,NULL,NULL,NULL,NULL,NULL),(26091,'M','FRANCAIS(E)',NULL,NULL,'21',NULL,NULL,NULL,NULL,'2010-null',NULL,'2008',NULL,NULL,'13',NULL,NULL,NULL,NULL,NULL,NULL,NULL),(26092,'M','FRANCAIS(E)',NULL,NULL,'23',NULL,NULL,NULL,NULL,'2010-null',NULL,'2008',NULL,NULL,'26',NULL,NULL,NULL,NULL,NULL,NULL,NULL),(26093,'M','FRANCAIS(E)',NULL,NULL,'22',NULL,NULL,NULL,NULL,'2010-null',NULL,'2008',NULL,NULL,'65',NULL,NULL,NULL,NULL,NULL,NULL,NULL),(26094,'M','GABONAIS(E)',NULL,NULL,'22',NULL,NULL,NULL,NULL,'2010-null',NULL,'2007',NULL,NULL,NULL,NULL,NULL,NULL,NULL,NULL,NULL,NULL),(26095,'M','FRANCAIS(E)',NULL,NULL,'22',NULL,NULL,NULL,NULL,'2010-null',NULL,'2007',NULL,NULL,'87',NULL,NULL,NULL,NULL,NULL,NULL,NULL),(26096,'M','FRANCAIS(E)',NULL,NULL,'23',NULL,NULL,NULL,NULL,'2010-null',NULL,'2007',NULL,NULL,'59',NULL,NULL,NULL,NULL,NULL,NULL,NULL),(26097,'F','FRANCAIS(E)',NULL,NULL,'23',NULL,NULL,NULL,NULL,'2010-null',NULL,'2007',NULL,NULL,'10',NULL,NULL,NULL,NULL,NULL,NULL,NULL),(26098,'M','FRANCAIS(E)',NULL,NULL,'22',NULL,NULL,NULL,NULL,'2010-null',NULL,'2008',NULL,NULL,'63',NULL,NULL,NULL,NULL,NULL,NULL,NULL),(26099,'F','FRANCAIS(E)',NULL,NULL,'23',NULL,NULL,NULL,NULL,'2010-null',NULL,'2006',NULL,NULL,'43',NULL,NULL,NULL,NULL,NULL,NULL,NULL),(26100,'M','FRANCAIS(E)',NULL,NULL,'26',NULL,NULL,NULL,NULL,'2010-null',NULL,'2005',NULL,NULL,NULL,NULL,NULL,NULL,NULL,NULL,NULL,NULL),(26101,'M','MAROCAIN(E)',NULL,NULL,'26',NULL,NULL,NULL,NULL,'2010-null',NULL,'2004',NULL,NULL,NULL,NULL,NULL,NULL,NULL,NULL,NULL,NULL),(26102,'M','FRANCAIS(E)',NULL,NULL,'23',NULL,NULL,NULL,NULL,'2010-null',NULL,'2008',NULL,NULL,'13',NULL,NULL,NULL,NULL,NULL,NULL,NULL),(26103,'M','FRANCAIS(E)',NULL,NULL,'22',NULL,NULL,NULL,NULL,'2010-null',NULL,'2008',NULL,NULL,NULL,NULL,NULL,NULL,NULL,NULL,NULL,NULL),(26104,'F','MAROCAIN(E)',NULL,NULL,'23',NULL,NULL,NULL,NULL,'2010-null',NULL,'2007',NULL,NULL,NULL,NULL,NULL,NULL,NULL,NULL,NULL,NULL),(26105,'F','MAROCAIN(E)',NULL,NULL,'25',NULL,NULL,NULL,NULL,'2010-null',NULL,'2005',NULL,NULL,NULL,NULL,NULL,NULL,NULL,NULL,NULL,NULL),(26106,'M','FRANCAIS(E)',NULL,NULL,'26',NULL,NULL,NULL,NULL,'2010-null',NULL,'2004',NULL,NULL,NULL,NULL,NULL,NULL,NULL,NULL,NULL,NULL),(26107,'M','CHINOIS(E)',NULL,NULL,'26',NULL,NULL,NULL,NULL,'2010-null',NULL,'2004',NULL,NULL,NULL,NULL,NULL,NULL,NULL,NULL,NULL,NULL),(26108,'M','FRANCAIS(E)',NULL,NULL,'24',NULL,NULL,NULL,NULL,'2010-null',NULL,'2007',NULL,NULL,'75',NULL,NULL,NULL,NULL,NULL,NULL,NULL),(26109,'F','FRANCAIS(E)',NULL,NULL,'21',NULL,NULL,NULL,NULL,'2010-null',NULL,'2008',NULL,NULL,'58',NULL,NULL,NULL,NULL,NULL,NULL,NULL),(26110,'M','FRANCAIS(E)',NULL,NULL,'22',NULL,NULL,NULL,NULL,'2010-null',NULL,'2008',NULL,NULL,'51',NULL,NULL,NULL,NULL,NULL,NULL,NULL),(26111,'M','FRANCAIS(E)',NULL,NULL,'23',NULL,NULL,NULL,NULL,'2010-null',NULL,'2007',NULL,NULL,'87',NULL,NULL,NULL,NULL,NULL,NULL,NULL),(26112,'M','FRANCAIS(E)',NULL,NULL,'24',NULL,NULL,NULL,NULL,'2010-null',NULL,'2006',NULL,NULL,'86',NULL,NULL,NULL,NULL,NULL,NULL,NULL),(26113,'M','MAROCAIN(E)',NULL,NULL,'25',NULL,NULL,NULL,NULL,'2010-null',NULL,'2005',NULL,NULL,NULL,NULL,NULL,NULL,NULL,NULL,NULL,NULL),(26114,'F','FRANCAIS(E)',NULL,NULL,'25',NULL,NULL,NULL,NULL,'2010-null',NULL,'2005',NULL,NULL,'36',NULL,NULL,NULL,NULL,NULL,NULL,NULL),(26115,'M','FRANCAIS(E)',NULL,NULL,'25',NULL,NULL,NULL,NULL,'2010-null',NULL,'2005',NULL,NULL,'63',NULL,NULL,NULL,NULL,NULL,NULL,NULL),(26116,'M','FRANCAIS(E)',NULL,NULL,'25',NULL,NULL,NULL,NULL,'2010-null',NULL,'2005',NULL,NULL,'45',NULL,NULL,NULL,NULL,NULL,NULL,NULL),(26117,'M','FRANCAIS(E)',NULL,NULL,'27',NULL,NULL,NULL,NULL,'2010-null',NULL,'2004',NULL,NULL,'31',NULL,NULL,NULL,NULL,NULL,NULL,NULL),(26118,'M','FRANCAIS(E)',NULL,NULL,'26',NULL,NULL,NULL,NULL,'2010-null',NULL,'2004',NULL,NULL,NULL,NULL,NULL,NULL,NULL,NULL,NULL,NULL),(26119,'M','FRANCAIS(E)',NULL,NULL,'24',NULL,NULL,NULL,NULL,'2010-null',NULL,'2006',NULL,NULL,'38',NULL,NULL,NULL,NULL,NULL,NULL,NULL),(26120,'M','FRANCAIS(E)',NULL,NULL,'24',NULL,NULL,NULL,NULL,'2010-null',NULL,'2005',NULL,NULL,'974',NULL,NULL,NULL,NULL,NULL,NULL,NULL),(26121,'M','MAROCAIN(E)',NULL,NULL,'24',NULL,NULL,NULL,NULL,'2010-null',NULL,'2006',NULL,NULL,NULL,NULL,NULL,NULL,NULL,NULL,NULL,NULL),(26122,'F','TUNISIEN(NE)',NULL,NULL,'24',NULL,NULL,NULL,NULL,'2010-null',NULL,'2006',NULL,NULL,NULL,NULL,NULL,NULL,NULL,NULL,NULL,NULL),(26123,'M','FRANCAIS(E)',NULL,NULL,'23',NULL,NULL,NULL,NULL,'2010-null',NULL,'2007',NULL,NULL,'18',NULL,NULL,NULL,NULL,NULL,NULL,NULL),(26124,'M','MAROCAIN(E)',NULL,NULL,'24',NULL,NULL,NULL,NULL,'2010-null',NULL,'2006',NULL,NULL,NULL,NULL,NULL,NULL,NULL,NULL,NULL,NULL),(26125,'F','MEXICAIN(E)',NULL,NULL,'28',NULL,NULL,NULL,NULL,'2010-null',NULL,'2002',NULL,NULL,NULL,NULL,NULL,NULL,NULL,NULL,NULL,NULL),(26126,'F','ALGERIEN(NE)',NULL,NULL,'29',NULL,NULL,NULL,NULL,'2010-null',NULL,'2004',NULL,NULL,NULL,NULL,NULL,NULL,NULL,NULL,NULL,NULL),(26127,'M','SENEGALAIS(E)',NULL,NULL,'23',NULL,NULL,NULL,NULL,'2010-null',NULL,'2007',NULL,NULL,NULL,NULL,NULL,NULL,NULL,NULL,NULL,NULL),(26128,'M','FRANCAIS(E)',NULL,NULL,'23',NULL,NULL,NULL,NULL,'2010-null',NULL,'2007',NULL,NULL,'84',NULL,NULL,NULL,NULL,NULL,NULL,NULL),(26129,'M','FRANCAIS(E)',NULL,NULL,'24',NULL,NULL,NULL,NULL,'2010-null',NULL,'2006',NULL,NULL,'63',NULL,NULL,NULL,NULL,NULL,NULL,NULL),(26130,'M','FRANCAIS(E)',NULL,NULL,'22',NULL,NULL,NULL,NULL,'2010-null',NULL,'2007',NULL,NULL,'59',NULL,NULL,NULL,NULL,NULL,NULL,NULL),(26131,'F','SENEGALAIS(E)',NULL,NULL,'25',NULL,NULL,NULL,NULL,'2010-null',NULL,'2006',NULL,NULL,NULL,NULL,NULL,NULL,NULL,NULL,NULL,NULL),(26132,'F','FRANCAIS(E)',NULL,NULL,'24',NULL,NULL,NULL,NULL,'2010-null',NULL,'2006',NULL,NULL,'84',NULL,NULL,NULL,NULL,NULL,NULL,NULL),(26133,'M','FRANCAIS(E)',NULL,NULL,'23',NULL,NULL,NULL,NULL,'2010-null',NULL,'2007',NULL,NULL,'75',NULL,NULL,NULL,NULL,NULL,NULL,NULL),(26134,'F','FRANCAIS(E)',NULL,NULL,'23',NULL,NULL,NULL,NULL,'2010-null',NULL,'2007',NULL,NULL,'78',NULL,NULL,NULL,NULL,NULL,NULL,NULL),(26135,'M','FRANCAIS(E)',NULL,NULL,'23',NULL,NULL,NULL,NULL,'2010-null',NULL,'2006',NULL,NULL,'13',NULL,NULL,NULL,NULL,NULL,NULL,NULL),(26136,'M','FRANCAIS(E)',NULL,NULL,'24',NULL,NULL,NULL,NULL,'2010-null',NULL,'2007',NULL,NULL,'43',NULL,NULL,NULL,NULL,NULL,NULL,NULL),(26137,'M','FRANCAIS(E)',NULL,NULL,'24',NULL,NULL,NULL,NULL,'2010-null',NULL,'2006',NULL,NULL,'31',NULL,NULL,NULL,NULL,NULL,NULL,NULL),(26138,'M','FRANCAIS(E)',NULL,NULL,'25',NULL,NULL,NULL,NULL,'2010-null',NULL,'2005',NULL,NULL,'13',NULL,NULL,NULL,NULL,NULL,NULL,NULL),(26139,'M','FRANCAIS(E)',NULL,NULL,'25',NULL,NULL,NULL,NULL,'2010-null',NULL,'2005',NULL,NULL,'63',NULL,NULL,NULL,NULL,NULL,NULL,NULL),(26140,'M','CHINOIS(E)',NULL,NULL,'25',NULL,NULL,NULL,NULL,'2010-null',NULL,'2006',NULL,NULL,'33',NULL,NULL,NULL,NULL,NULL,NULL,NULL),(26141,'M','FRANCAIS(E)',NULL,NULL,'41',NULL,NULL,NULL,NULL,'2010-null',NULL,'1992',NULL,NULL,NULL,NULL,NULL,NULL,NULL,NULL,NULL,NULL),(26142,'M','FRANCAIS(E)',NULL,NULL,'24',NULL,NULL,NULL,NULL,'2010-null',NULL,'2006',NULL,NULL,'31',NULL,NULL,NULL,NULL,NULL,NULL,NULL),(26143,'M','MAROCAIN(E)',NULL,NULL,'25',NULL,NULL,NULL,NULL,'2010-null',NULL,'2004',NULL,NULL,NULL,NULL,NULL,NULL,NULL,NULL,NULL,NULL),(26144,'M','FRANCAIS(E)',NULL,NULL,'24',NULL,NULL,NULL,NULL,'2010-null',NULL,'2006',NULL,NULL,'64',NULL,NULL,NULL,NULL,NULL,NULL,NULL),(26145,'M','FRANCAIS(E)',NULL,NULL,'24',NULL,NULL,NULL,NULL,'2010-null',NULL,'2006',NULL,NULL,NULL,NULL,NULL,NULL,NULL,NULL,NULL,NULL),(26146,'M','FRANCAIS(E)',NULL,NULL,'25',NULL,NULL,NULL,NULL,'2010-null',NULL,'2005',NULL,NULL,'93',NULL,NULL,NULL,NULL,NULL,NULL,NULL),(26147,'M','FRANCAIS(E)',NULL,NULL,'24',NULL,NULL,NULL,NULL,'2010-null',NULL,'2006',NULL,NULL,'84',NULL,NULL,NULL,NULL,NULL,NULL,NULL),(26148,'M','FRANCAIS(E)',NULL,NULL,'24',NULL,NULL,NULL,NULL,'2010-null',NULL,'2006',NULL,NULL,'35',NULL,NULL,NULL,NULL,NULL,NULL,NULL),(26149,'F','TUNISIEN(NE)',NULL,NULL,'26',NULL,NULL,NULL,NULL,'2010-null',NULL,'2004',NULL,NULL,NULL,NULL,NULL,NULL,NULL,NULL,NULL,NULL),(26150,'F','BURUNDAIS(E)',NULL,NULL,'31',NULL,NULL,NULL,NULL,'2010-null',NULL,'2002',NULL,NULL,NULL,NULL,NULL,NULL,NULL,NULL,NULL,NULL),(26151,'M','FRANCAIS(E)',NULL,NULL,'22',NULL,NULL,NULL,NULL,'2010-null',NULL,'2007',NULL,NULL,'29',NULL,NULL,NULL,NULL,NULL,NULL,NULL),(26152,'M','FRANCAIS(E)',NULL,NULL,'24',NULL,NULL,NULL,NULL,'2010-null',NULL,'2006',NULL,NULL,NULL,NULL,NULL,NULL,NULL,NULL,NULL,NULL),(26153,'M','FRANCAIS(E)',NULL,NULL,'24',NULL,NULL,NULL,NULL,'2010-null',NULL,'2006',NULL,NULL,'63',NULL,NULL,NULL,NULL,NULL,NULL,NULL),(26154,'M','ALGERIEN(NE)',NULL,NULL,'29',NULL,NULL,NULL,NULL,'2010-null',NULL,'2001',NULL,NULL,NULL,NULL,NULL,NULL,NULL,NULL,NULL,NULL),(26155,'M','MAROCAIN(E)',NULL,NULL,'36',NULL,NULL,NULL,NULL,'2010-null',NULL,'1995',NULL,NULL,NULL,NULL,NULL,NULL,NULL,NULL,NULL,NULL),(26156,'M','FRANCAIS(E)',NULL,NULL,'25',NULL,NULL,NULL,NULL,'2010-null',NULL,'2005',NULL,NULL,NULL,NULL,NULL,NULL,NULL,NULL,NULL,NULL),(26157,'M','FRANCAIS(E)',NULL,NULL,'26',NULL,NULL,NULL,NULL,'2010-null',NULL,'2004',NULL,NULL,NULL,NULL,NULL,NULL,NULL,NULL,NULL,NULL),(26158,'M','FRANCAIS(E)',NULL,NULL,'24',NULL,NULL,NULL,NULL,'2010-null',NULL,'2006',NULL,NULL,'74',NULL,NULL,NULL,NULL,NULL,NULL,NULL),(26159,'F','FRANCAIS(E)',NULL,NULL,'48',NULL,NULL,NULL,NULL,'2010-null',NULL,'1982',NULL,NULL,'63',NULL,NULL,NULL,NULL,NULL,NULL,NULL),(26160,'M','MAROCAIN(E)',NULL,NULL,'26',NULL,NULL,NULL,NULL,'2010-null',NULL,'2004',NULL,NULL,NULL,NULL,NULL,NULL,NULL,NULL,NULL,NULL),(26161,'M','FRANCAIS(E)',NULL,NULL,'25',NULL,NULL,NULL,NULL,'2010-null',NULL,'2006',NULL,NULL,'34',NULL,NULL,NULL,NULL,NULL,NULL,NULL),(26162,'M','FRANCAIS(E)',NULL,NULL,'24',NULL,NULL,NULL,NULL,'2010-null',NULL,'2006',NULL,NULL,'78',NULL,NULL,NULL,NULL,NULL,NULL,NULL),(26163,'M','FRANCAIS(E)',NULL,NULL,'24',NULL,NULL,NULL,NULL,'2010-null',NULL,'2006',NULL,NULL,'91',NULL,NULL,NULL,NULL,NULL,NULL,NULL),(26164,'F','FRANCAIS(E)',NULL,NULL,'22',NULL,NULL,NULL,NULL,'2010-null',NULL,'2006',NULL,NULL,'49',NULL,NULL,NULL,NULL,NULL,NULL,NULL),(26165,'M','CHINOIS(E)',NULL,NULL,'28',NULL,NULL,NULL,NULL,'2010-null',NULL,'2001',NULL,NULL,NULL,NULL,NULL,NULL,NULL,NULL,NULL,NULL),(26166,'M','FRANCAIS(E)',NULL,NULL,'24',NULL,NULL,NULL,NULL,'2010-null',NULL,'2006',NULL,NULL,'86',NULL,NULL,NULL,NULL,NULL,NULL,NULL),(26167,'M','MAROCAIN(E)',NULL,NULL,'24',NULL,NULL,NULL,NULL,'2010-null',NULL,'2006',NULL,NULL,NULL,NULL,NULL,NULL,NULL,NULL,NULL,NULL),(26168,'F','BURKINABE',NULL,NULL,'24',NULL,NULL,NULL,NULL,'2010-null',NULL,'2007',NULL,NULL,NULL,NULL,NULL,NULL,NULL,NULL,NULL,NULL),(26169,'M','FRANCAIS(E)',NULL,NULL,'24',NULL,NULL,NULL,NULL,'2010-null',NULL,'2006',NULL,NULL,'59',NULL,NULL,NULL,NULL,NULL,NULL,NULL),(26170,'M','FRANCAIS(E)',NULL,NULL,'34',NULL,NULL,NULL,NULL,'2010-null',NULL,'1997',NULL,NULL,'63',NULL,NULL,NULL,NULL,NULL,NULL,NULL),(26171,'M','FRANCAIS(E)',NULL,NULL,'32',NULL,NULL,NULL,NULL,'2010-null',NULL,'1998',NULL,NULL,'63',NULL,NULL,NULL,NULL,NULL,NULL,NULL),(26172,'M','FRANCAIS(E)',NULL,NULL,'23',NULL,NULL,NULL,NULL,'2010-null',NULL,'2006',NULL,NULL,'18',NULL,NULL,NULL,NULL,NULL,NULL,NULL),(26173,'M','FRANCAIS(E)',NULL,NULL,'27',NULL,NULL,NULL,NULL,'2010-null',NULL,'2004',NULL,NULL,'72',NULL,NULL,NULL,NULL,NULL,NULL,NULL),(26174,'M','FRANCAIS(E)',NULL,NULL,'23',NULL,NULL,NULL,NULL,'2010-null',NULL,'2007',NULL,NULL,'92',NULL,NULL,NULL,NULL,NULL,NULL,NULL),(26175,'F','MAROCAIN(E)',NULL,NULL,'27',NULL,NULL,NULL,NULL,'2010-null',NULL,'2004',NULL,NULL,NULL,NULL,NULL,NULL,NULL,NULL,NULL,NULL),(26176,'M','TUNISIEN(NE)',NULL,NULL,'22',NULL,NULL,NULL,NULL,'2010-null',NULL,'2008',NULL,NULL,NULL,NULL,NULL,NULL,NULL,NULL,NULL,NULL),(26177,'F','BRESILIEN(NE)',NULL,NULL,'24',NULL,NULL,NULL,NULL,'2010-null',NULL,'2007',NULL,NULL,NULL,NULL,NULL,NULL,NULL,NULL,NULL,NULL),(26178,'M','CHINOIS(E)',NULL,NULL,'26',NULL,NULL,NULL,NULL,'2010-null',NULL,'2005',NULL,NULL,NULL,NULL,NULL,NULL,NULL,NULL,NULL,NULL),(26179,'M','CHINOIS(E)',NULL,NULL,'26',NULL,NULL,NULL,NULL,'2010-null',NULL,'2004',NULL,NULL,NULL,NULL,NULL,NULL,NULL,NULL,NULL,NULL),(26180,'M','CHINOIS(E)',NULL,NULL,'27',NULL,NULL,NULL,NULL,'2010-null',NULL,'2005',NULL,NULL,NULL,NULL,NULL,NULL,NULL,NULL,NULL,NULL),(26181,'F','CHINOIS(E)',NULL,NULL,'25',NULL,NULL,NULL,NULL,'2010-null',NULL,'2005',NULL,NULL,NULL,NULL,NULL,NULL,NULL,NULL,NULL,NULL),(26182,'M','CHINOIS(E)',NULL,NULL,'27',NULL,NULL,NULL,NULL,'2010-null',NULL,'2005',NULL,NULL,NULL,NULL,NULL,NULL,NULL,NULL,NULL,NULL),(26183,'M','FRANCAIS(E)',NULL,NULL,'24',NULL,NULL,NULL,NULL,'2010-null',NULL,'2006',NULL,NULL,'28',NULL,NULL,NULL,NULL,NULL,NULL,NULL),(26184,'F','BRESILIEN(NE)',NULL,NULL,'24',NULL,NULL,NULL,NULL,'2010-null',NULL,'2007',NULL,NULL,NULL,NULL,NULL,NULL,NULL,NULL,NULL,NULL),(26185,'F','BRESILIEN(NE)',NULL,NULL,'24',NULL,NULL,NULL,NULL,'2010-null',NULL,'2006',NULL,NULL,NULL,NULL,NULL,NULL,NULL,NULL,NULL,NULL),(26186,'F','BRESILIEN(NE)',NULL,NULL,'24',NULL,NULL,NULL,NULL,'2010-null',NULL,'2007',NULL,NULL,NULL,NULL,NULL,NULL,NULL,NULL,NULL,NULL),(26187,'M','BRESILIEN(NE)',NULL,NULL,'23',NULL,NULL,NULL,NULL,'2010-null',NULL,'2007',NULL,NULL,NULL,NULL,NULL,NULL,NULL,NULL,NULL,NULL),(26188,'M','MAROCAIN(E)',NULL,NULL,'25',NULL,NULL,NULL,NULL,'2010-null',NULL,'2005',NULL,NULL,NULL,NULL,NULL,NULL,NULL,NULL,NULL,NULL),(26189,'M','BURUNDAIS(E)',NULL,NULL,'26',NULL,NULL,NULL,NULL,'2010-null',NULL,'2005',NULL,NULL,NULL,NULL,NULL,NULL,NULL,NULL,NULL,NULL),(26190,'M','FRANCAIS(E)',NULL,NULL,'22',NULL,NULL,NULL,NULL,'2010-null',NULL,'2008',NULL,NULL,'13',NULL,NULL,NULL,NULL,NULL,NULL,NULL),(26191,'M','FRANCAIS(E)',NULL,NULL,'24',NULL,NULL,NULL,NULL,'2010-null',NULL,'2006',NULL,NULL,'93',NULL,NULL,NULL,NULL,NULL,NULL,NULL),(26192,'M','FRANCAIS(E)',NULL,NULL,'22',NULL,NULL,NULL,NULL,'2010-null',NULL,'2007',NULL,NULL,'50',NULL,NULL,NULL,NULL,NULL,NULL,NULL),(26193,'M','FRANCAIS(E)',NULL,NULL,'22',NULL,NULL,NULL,NULL,'2010-null',NULL,'2008',NULL,NULL,'73',NULL,NULL,NULL,NULL,NULL,NULL,NULL),(26194,'M','FRANCAIS(E)',NULL,NULL,'23',NULL,NULL,NULL,NULL,'2010-null',NULL,'2007',NULL,NULL,'73',NULL,NULL,NULL,NULL,NULL,NULL,NULL),(26195,'F','FRANCAIS(E)',NULL,NULL,'31',NULL,NULL,NULL,NULL,'2010-null',NULL,'1999',NULL,NULL,NULL,NULL,NULL,NULL,NULL,NULL,NULL,NULL),(26196,'M','FRANCAIS(E)',NULL,NULL,'25',NULL,NULL,NULL,NULL,'2010-null',NULL,'2005',NULL,NULL,'69',NULL,NULL,NULL,NULL,NULL,NULL,NULL),(26197,'M','FRANCAIS(E)',NULL,NULL,'25',NULL,NULL,NULL,NULL,'2010-null',NULL,'2007',NULL,NULL,'63',NULL,NULL,NULL,NULL,NULL,NULL,NULL),(26198,'M','FRANCAIS(E)',NULL,NULL,'23',NULL,NULL,NULL,NULL,'2010-null',NULL,'2007',NULL,NULL,'48',NULL,NULL,NULL,NULL,NULL,NULL,NULL),(26199,'M','FRANCAIS(E)',NULL,NULL,'24',NULL,NULL,NULL,NULL,'2010-null',NULL,'2006',NULL,NULL,'81',NULL,NULL,NULL,NULL,NULL,NULL,NULL),(26200,'F','FRANCAIS(E)',NULL,NULL,'25',NULL,NULL,NULL,NULL,'2010-null',NULL,'2006',NULL,NULL,'33',NULL,NULL,NULL,NULL,NULL,NULL,NULL),(26201,'F','MAROCAIN(E)',NULL,NULL,'27',NULL,NULL,NULL,NULL,'2010-null',NULL,'2002',NULL,NULL,NULL,NULL,NULL,NULL,NULL,NULL,NULL,NULL),(26202,'M','FRANCAIS(E)',NULL,NULL,'25',NULL,NULL,NULL,NULL,'2010-null',NULL,'2005',NULL,NULL,'63',NULL,NULL,NULL,NULL,NULL,NULL,NULL),(26203,'M','MAROCAIN(E)',NULL,NULL,'25',NULL,NULL,NULL,NULL,'2010-null',NULL,'2005',NULL,NULL,NULL,NULL,NULL,NULL,NULL,NULL,NULL,NULL),(26204,'M','CHINOIS(E)',NULL,NULL,'24',NULL,NULL,NULL,NULL,'2010-null',NULL,'2006',NULL,NULL,NULL,NULL,NULL,NULL,NULL,NULL,NULL,NULL),(26205,'F','MAROCAIN(E)',NULL,NULL,'25',NULL,NULL,NULL,NULL,'2010-null',NULL,'2005',NULL,NULL,NULL,NULL,NULL,NULL,NULL,NULL,NULL,NULL),(26206,'M','MAROCAIN(E)',NULL,NULL,'24',NULL,NULL,NULL,NULL,'2010-null',NULL,'2005',NULL,NULL,NULL,NULL,NULL,NULL,NULL,NULL,NULL,NULL),(26207,'F','MAROCAIN(E)',NULL,NULL,'24',NULL,NULL,NULL,NULL,'2010-null',NULL,'2006',NULL,NULL,NULL,NULL,NULL,NULL,NULL,NULL,NULL,NULL),(26208,'M','MAROCAIN(E)',NULL,NULL,'26',NULL,NULL,NULL,NULL,'2010-null',NULL,'2005',NULL,NULL,NULL,NULL,NULL,NULL,NULL,NULL,NULL,NULL),(26209,'M','MAROCAIN(E)',NULL,NULL,'26',NULL,NULL,NULL,NULL,'2010-null',NULL,'2005',NULL,NULL,NULL,NULL,NULL,NULL,NULL,NULL,NULL,NULL),(26210,'M','MAROCAIN(E)',NULL,NULL,'25',NULL,NULL,NULL,NULL,'2010-null',NULL,'2006',NULL,NULL,NULL,NULL,NULL,NULL,NULL,NULL,NULL,NULL),(26211,'M','MAROCAIN(E)',NULL,NULL,'26',NULL,NULL,NULL,NULL,'2010-null',NULL,'2006',NULL,NULL,NULL,NULL,NULL,NULL,NULL,NULL,NULL,NULL),(26212,'F','MAROCAIN(E)',NULL,NULL,'24',NULL,NULL,NULL,NULL,'2010-null',NULL,'2006',NULL,NULL,NULL,NULL,NULL,NULL,NULL,NULL,NULL,NULL),(26213,'F','MAROCAIN(E)',NULL,NULL,'24',NULL,NULL,NULL,NULL,'2010-null',NULL,'2006',NULL,NULL,NULL,NULL,NULL,NULL,NULL,NULL,NULL,NULL),(26214,'M','MAROCAIN(E)',NULL,NULL,'25',NULL,NULL,NULL,NULL,'2010-null',NULL,'2006',NULL,NULL,NULL,NULL,NULL,NULL,NULL,NULL,NULL,NULL),(26215,'M','CAMEROUNAIS(E)',NULL,NULL,'28',NULL,NULL,NULL,NULL,'2010-null',NULL,'2004',NULL,NULL,NULL,NULL,NULL,NULL,NULL,NULL,NULL,NULL),(26216,'F','SENEGALAIS(E)',NULL,NULL,'24',NULL,NULL,NULL,NULL,'2010-null',NULL,'2006',NULL,NULL,'33',NULL,NULL,NULL,NULL,NULL,NULL,NULL),(26217,'M','FRANCAIS(E)',NULL,NULL,'25',NULL,NULL,NULL,NULL,'2010-null',NULL,'2006',NULL,NULL,'24',NULL,NULL,NULL,NULL,NULL,NULL,NULL),(26218,'M','TUNISIEN(NE)',NULL,NULL,'27',NULL,NULL,NULL,NULL,'2010-null',NULL,'2004',NULL,NULL,NULL,NULL,NULL,NULL,NULL,NULL,NULL,NULL),(26219,'F','FRANCAIS(E)',NULL,NULL,'24',NULL,NULL,NULL,NULL,'2010-null',NULL,'2006',NULL,NULL,'33',NULL,NULL,NULL,NULL,NULL,NULL,NULL),(26220,'M','FRANCAIS(E)',NULL,NULL,'24',NULL,NULL,NULL,NULL,'2010-null',NULL,'2006',NULL,NULL,'72',NULL,NULL,NULL,NULL,NULL,NULL,NULL),(26221,'M','MAROCAIN(E)',NULL,NULL,'26',NULL,NULL,NULL,NULL,'2010-null',NULL,'2004',NULL,NULL,NULL,NULL,NULL,NULL,NULL,NULL,NULL,NULL),(26222,'M','FRANCAIS(E)',NULL,NULL,'24',NULL,NULL,NULL,NULL,'2010-null',NULL,'2006',NULL,NULL,'69',NULL,NULL,NULL,NULL,NULL,NULL,NULL),(26223,'M','FRANCAIS(E)',NULL,NULL,'24',NULL,NULL,NULL,NULL,'2010-null',NULL,'2006',NULL,NULL,'37',NULL,NULL,NULL,NULL,NULL,NULL,NULL),(26224,'M','FRANCAIS(E)',NULL,NULL,'25',NULL,NULL,NULL,NULL,'2010-null',NULL,'2005',NULL,NULL,'77',NULL,NULL,NULL,NULL,NULL,NULL,NULL),(26225,'M','FRANCAIS(E)',NULL,NULL,'24',NULL,NULL,NULL,NULL,'2010-null',NULL,'2006',NULL,NULL,'43',NULL,NULL,NULL,NULL,NULL,NULL,NULL),(26226,'M','FRANCAIS(E)',NULL,NULL,'24',NULL,NULL,NULL,NULL,'2010-null',NULL,'2006',NULL,NULL,'93',NULL,NULL,NULL,NULL,NULL,NULL,NULL),(26227,'M','FRANCAIS(E)',NULL,NULL,'22',NULL,NULL,NULL,NULL,'2010-null',NULL,'2007',NULL,NULL,'31',NULL,NULL,NULL,NULL,NULL,NULL,NULL),(26228,'M','FRANCAIS(E)',NULL,NULL,'24',NULL,NULL,NULL,NULL,'2010-null',NULL,'2006',NULL,NULL,'42',NULL,NULL,NULL,NULL,NULL,NULL,NULL),(26229,'M','BURUNDAIS(E)',NULL,NULL,'25',NULL,NULL,NULL,NULL,'2010-null',NULL,'2005',NULL,NULL,NULL,NULL,NULL,NULL,NULL,NULL,NULL,NULL),(26230,'F','BRESILIEN(NE)',NULL,NULL,'25',NULL,NULL,NULL,NULL,'2010-null',NULL,'2005',NULL,NULL,NULL,NULL,NULL,NULL,NULL,NULL,NULL,NULL),(26231,'M','SENEGALAIS(E)',NULL,NULL,'22',NULL,NULL,NULL,NULL,'2010-null',NULL,'2008',NULL,NULL,NULL,NULL,NULL,NULL,NULL,NULL,NULL,NULL),(26232,'M','FRANCAIS(E)',NULL,NULL,'25',NULL,NULL,NULL,NULL,'2010-null',NULL,'2006',NULL,NULL,'63',NULL,NULL,NULL,NULL,NULL,NULL,NULL),(26233,'F','MAROCAIN(E)',NULL,NULL,'27',NULL,NULL,NULL,NULL,'2010-null',NULL,'2004',NULL,NULL,NULL,NULL,NULL,NULL,NULL,NULL,NULL,NULL),(26234,'M','KAZAKH',NULL,NULL,'29',NULL,NULL,NULL,NULL,'2010-null',NULL,'2005',NULL,NULL,NULL,NULL,NULL,NULL,NULL,NULL,NULL,NULL),(26235,'M','MAURITANIEN(NE)',NULL,NULL,'26',NULL,NULL,NULL,NULL,'2010-null',NULL,'2004',NULL,NULL,NULL,NULL,NULL,NULL,NULL,NULL,NULL,NULL),(26236,'M','FRANCAIS(E)',NULL,NULL,'24',NULL,NULL,NULL,NULL,'2010-null',NULL,'2005',NULL,NULL,'28',NULL,NULL,NULL,NULL,NULL,NULL,NULL),(26237,'M','MAROCAIN(E)',NULL,NULL,'25',NULL,NULL,NULL,NULL,'2010-null',NULL,'2005',NULL,NULL,NULL,NULL,NULL,NULL,NULL,NULL,NULL,NULL),(26238,'M','FRANCAIS(E)',NULL,NULL,'28',NULL,NULL,NULL,NULL,'2010-null',NULL,'2002',NULL,NULL,'33',NULL,NULL,NULL,NULL,NULL,NULL,NULL),(26239,'M','FRANCAIS(E)',NULL,NULL,'23',NULL,NULL,NULL,NULL,'2010-null',NULL,'2007',NULL,NULL,'65',NULL,NULL,NULL,NULL,NULL,NULL,NULL),(26240,'F','FRANCAIS(E)',NULL,NULL,'25',NULL,NULL,NULL,NULL,'2010-null',NULL,'2006',NULL,NULL,NULL,NULL,NULL,NULL,NULL,NULL,NULL,NULL),(26241,'M','FRANCAIS(E)',NULL,NULL,'26',NULL,NULL,NULL,NULL,'2010-null',NULL,'2004',NULL,NULL,'63',NULL,NULL,NULL,NULL,NULL,NULL,NULL),(26242,'M','FRANCAIS(E)',NULL,NULL,'23',NULL,NULL,NULL,NULL,'2010-null',NULL,'2007',NULL,NULL,'43',NULL,NULL,NULL,NULL,NULL,NULL,NULL),(26243,'M','MAURITANIEN(NE)',NULL,NULL,'24',NULL,NULL,NULL,NULL,'2010-null',NULL,'2006',NULL,NULL,NULL,NULL,NULL,NULL,NULL,NULL,NULL,NULL),(26244,'M','FRANCAIS(E)',NULL,NULL,'25',NULL,NULL,NULL,NULL,'2010-null',NULL,'2005',NULL,NULL,'30',NULL,NULL,NULL,NULL,NULL,NULL,NULL),(26245,'M','COLOMBIEN(NE)',NULL,NULL,'28',NULL,NULL,NULL,NULL,'2010-null',NULL,'2001',NULL,NULL,NULL,NULL,NULL,NULL,NULL,NULL,NULL,NULL),(26246,'M','FRANCAIS(E)',NULL,NULL,'24',NULL,NULL,NULL,NULL,'2010-null',NULL,'2006',NULL,NULL,NULL,NULL,NULL,NULL,NULL,NULL,NULL,NULL),(26247,'M','FRANCAIS(E)',NULL,NULL,'24',NULL,NULL,NULL,NULL,'2010-null',NULL,'2006',NULL,NULL,'63',NULL,NULL,NULL,NULL,NULL,NULL,NULL),(26248,'M','FRANCAIS(E)',NULL,NULL,'25',NULL,NULL,NULL,NULL,'2010-null',NULL,'2006',NULL,NULL,'33',NULL,NULL,NULL,NULL,NULL,NULL,NULL),(26249,'M','MAROCAIN(E)',NULL,NULL,'24',NULL,NULL,NULL,NULL,'2010-null',NULL,'2006',NULL,NULL,NULL,NULL,NULL,NULL,NULL,NULL,NULL,NULL),(26250,'M','FRANCAIS(E)',NULL,NULL,'24',NULL,NULL,NULL,NULL,'2010-null',NULL,'2006',NULL,NULL,'63',NULL,NULL,NULL,NULL,NULL,NULL,NULL),(26251,'M','FRANCAIS(E)',NULL,NULL,'26',NULL,NULL,NULL,NULL,'2010-null',NULL,'2004',NULL,NULL,'75',NULL,NULL,NULL,NULL,NULL,NULL,NULL),(26252,'M','FRANCAIS(E)',NULL,NULL,'24',NULL,NULL,NULL,NULL,'2010-null',NULL,'2006',NULL,NULL,'30',NULL,NULL,NULL,NULL,NULL,NULL,NULL),(26253,'M','FRANCAIS(E)',NULL,NULL,'24',NULL,NULL,NULL,NULL,'2010-null',NULL,'2005',NULL,NULL,'63',NULL,NULL,NULL,NULL,NULL,NULL,NULL),(26254,'M','FRANCAIS(E)',NULL,NULL,'24',NULL,NULL,NULL,NULL,'2010-null',NULL,'2006',NULL,NULL,'63',NULL,NULL,NULL,NULL,NULL,NULL,NULL),(26255,'F','FRANCAIS(E)',NULL,NULL,'24',NULL,NULL,NULL,NULL,'2010-null',NULL,'2006',NULL,NULL,'13',NULL,NULL,NULL,NULL,NULL,NULL,NULL),(26256,'M','BURUNDAIS(E)',NULL,NULL,'31',NULL,NULL,NULL,NULL,'2010-null',NULL,'2001',NULL,NULL,NULL,NULL,NULL,NULL,NULL,NULL,NULL,NULL),(26257,'M','FRANCAIS(E)',NULL,NULL,'23',NULL,NULL,NULL,NULL,'2010-null',NULL,'2007',NULL,NULL,'56',NULL,NULL,NULL,NULL,NULL,NULL,NULL),(26258,'M','FRANCAIS(E)',NULL,NULL,'23',NULL,NULL,NULL,NULL,'2010-null',NULL,'2007',NULL,NULL,'21',NULL,NULL,NULL,NULL,NULL,NULL,NULL),(26259,'M','FRANCAIS(E)',NULL,NULL,'23',NULL,NULL,NULL,NULL,'2010-null',NULL,'2007',NULL,NULL,'13',NULL,NULL,NULL,NULL,NULL,NULL,NULL),(26260,'M','MAROCAIN(E)',NULL,NULL,'24',NULL,NULL,NULL,NULL,'2010-null',NULL,'2006',NULL,NULL,NULL,NULL,NULL,NULL,NULL,NULL,NULL,NULL),(26261,'M','CAMEROUNAIS(E)',NULL,NULL,'26',NULL,NULL,NULL,NULL,'2010-null',NULL,'2005',NULL,NULL,NULL,NULL,NULL,NULL,NULL,NULL,NULL,NULL),(26262,'M','FRANCAIS(E)',NULL,NULL,'24',NULL,NULL,NULL,NULL,'2010-null',NULL,'2006',NULL,NULL,'44',NULL,NULL,NULL,NULL,NULL,NULL,NULL),(26263,'M','FRANCAIS(E)',NULL,NULL,'23',NULL,NULL,NULL,NULL,'2010-null',NULL,'2007',NULL,NULL,'38',NULL,NULL,NULL,NULL,NULL,NULL,NULL),(26264,'M','FRANCAIS(E)',NULL,NULL,'25',NULL,NULL,NULL,NULL,'2010-null',NULL,'2005',NULL,NULL,'63',NULL,NULL,NULL,NULL,NULL,NULL,NULL),(26265,'M','FRANCAIS(E)',NULL,NULL,'25',NULL,NULL,NULL,NULL,'2010-null',NULL,'2005',NULL,NULL,'13',NULL,NULL,NULL,NULL,NULL,NULL,NULL),(26266,'M','FRANCAIS(E)',NULL,NULL,'24',NULL,NULL,NULL,NULL,'2010-null',NULL,'2005',NULL,NULL,'63',NULL,NULL,NULL,NULL,NULL,NULL,NULL),(26267,'F','FRANCAIS(E)',NULL,NULL,'26',NULL,NULL,NULL,NULL,'2010-null',NULL,'2004',NULL,NULL,'45',NULL,NULL,NULL,NULL,NULL,NULL,NULL),(26268,'M','FRANCAIS(E)',NULL,NULL,'25',NULL,NULL,NULL,NULL,'2010-null',NULL,'2005',NULL,NULL,NULL,NULL,NULL,NULL,NULL,NULL,NULL,NULL),(26269,'M','FRANCAIS(E)',NULL,NULL,'24',NULL,NULL,NULL,NULL,'2010-null',NULL,'2006',NULL,NULL,'26',NULL,NULL,NULL,NULL,NULL,NULL,NULL),(26270,'M','FRANCAIS(E)',NULL,NULL,'25',NULL,NULL,NULL,NULL,'2010-null',NULL,'2005',NULL,NULL,NULL,NULL,NULL,NULL,NULL,NULL,NULL,NULL),(26271,'M','FRANCAIS(E)',NULL,NULL,'24',NULL,NULL,NULL,NULL,'2010-null',NULL,'2006',NULL,NULL,NULL,NULL,NULL,NULL,NULL,NULL,NULL,NULL),(26272,'M','FRANCAIS(E)',NULL,NULL,'26',NULL,NULL,NULL,NULL,'2010-null',NULL,'2005',NULL,NULL,'63',NULL,NULL,NULL,NULL,NULL,NULL,NULL),(26273,'M','FRANCAIS(E)',NULL,NULL,'24',NULL,NULL,NULL,NULL,'2010-null',NULL,'2006',NULL,NULL,'63',NULL,NULL,NULL,NULL,NULL,NULL,NULL),(26274,'M','FRANCAIS(E)',NULL,NULL,'24',NULL,NULL,NULL,NULL,'2010-null',NULL,'2006',NULL,NULL,'37',NULL,NULL,NULL,NULL,NULL,NULL,NULL),(26275,'M','FRANCAIS(E)',NULL,NULL,'24',NULL,NULL,NULL,NULL,'2010-null',NULL,'2006',NULL,NULL,'63',NULL,NULL,NULL,NULL,NULL,NULL,NULL),(26276,'M','FRANCAIS(E)',NULL,NULL,'26',NULL,NULL,NULL,NULL,'2010-null',NULL,'2005',NULL,NULL,'15',NULL,NULL,NULL,NULL,NULL,NULL,NULL),(26277,'M','FRANCAIS(E)',NULL,NULL,'25',NULL,NULL,NULL,NULL,'2010-null',NULL,'2005',NULL,NULL,'63',NULL,NULL,NULL,NULL,NULL,NULL,NULL),(26278,'M','FRANCAIS(E)',NULL,NULL,'24',NULL,NULL,NULL,NULL,'2010-null',NULL,'2005',NULL,NULL,'44',NULL,NULL,NULL,NULL,NULL,NULL,NULL),(26279,'F','TUNISIEN(NE)',NULL,NULL,'25',NULL,NULL,NULL,NULL,'2010-null',NULL,'2006',NULL,NULL,NULL,NULL,NULL,NULL,NULL,NULL,NULL,NULL),(26280,'F','FRANCAIS(E)',NULL,NULL,'25',NULL,NULL,NULL,NULL,'2010-null',NULL,'2005',NULL,NULL,'93',NULL,NULL,NULL,NULL,NULL,NULL,NULL),(26281,'M','FRANCAIS(E)',NULL,NULL,'24',NULL,NULL,NULL,NULL,'2010-null',NULL,'2006',NULL,NULL,'75',NULL,NULL,NULL,NULL,NULL,NULL,NULL),(26282,'M','MAROCAIN(E)',NULL,NULL,'25',NULL,NULL,NULL,NULL,'2010-null',NULL,'2005',NULL,NULL,NULL,NULL,NULL,NULL,NULL,NULL,NULL,NULL),(26283,'M','CHINOIS(E)',NULL,NULL,'26',NULL,NULL,NULL,NULL,'2010-null',NULL,'2005',NULL,NULL,NULL,NULL,NULL,NULL,NULL,NULL,NULL,NULL),(26284,'F','CHINOIS(E)',NULL,NULL,'25',NULL,NULL,NULL,NULL,'2010-null',NULL,'2006',NULL,NULL,NULL,NULL,NULL,NULL,NULL,NULL,NULL,NULL),(26285,'M','CHINOIS(E)',NULL,NULL,'29',NULL,NULL,NULL,NULL,'2010-null',NULL,'2004',NULL,NULL,NULL,NULL,NULL,NULL,NULL,NULL,NULL,NULL),(26286,'F','CHINOIS(E)',NULL,NULL,'32',NULL,NULL,NULL,NULL,'2010-null',NULL,'1999',NULL,NULL,NULL,NULL,NULL,NULL,NULL,NULL,NULL,NULL),(26287,'M','CHINOIS(E)',NULL,NULL,'24',NULL,NULL,NULL,NULL,'2010-null',NULL,'2006',NULL,NULL,NULL,NULL,NULL,NULL,NULL,NULL,NULL,NULL),(26288,'M','CHINOIS(E)',NULL,NULL,'24',NULL,NULL,NULL,NULL,'2010-null',NULL,'2006',NULL,NULL,NULL,NULL,NULL,NULL,NULL,NULL,NULL,NULL),(26289,'M','FRANCAIS(E)',NULL,NULL,'26',NULL,NULL,NULL,NULL,'2010-null',NULL,'2004',NULL,NULL,NULL,NULL,NULL,NULL,NULL,NULL,NULL,NULL),(26290,'M','FRANCAIS(E)',NULL,NULL,'24',NULL,NULL,NULL,NULL,'2010-null',NULL,'2006',NULL,NULL,'56',NULL,NULL,NULL,NULL,NULL,NULL,NULL),(26291,'M','FRANCAIS(E)',NULL,NULL,'23',NULL,NULL,NULL,NULL,'2010-null',NULL,'2007',NULL,NULL,'75',NULL,NULL,NULL,NULL,NULL,NULL,NULL),(26292,'F','FRANCAIS(E)',NULL,NULL,'36',NULL,NULL,NULL,NULL,'2010-null',NULL,'1995',NULL,NULL,NULL,NULL,NULL,NULL,NULL,NULL,NULL,NULL),(26293,'F','FRANCAIS(E)',NULL,NULL,'24',NULL,NULL,NULL,NULL,'2010-null',NULL,'2005',NULL,NULL,NULL,NULL,NULL,NULL,NULL,NULL,NULL,NULL),(26294,'M','FRANCAIS(E)',NULL,NULL,'22',NULL,NULL,NULL,NULL,'2010-null',NULL,'2006',NULL,NULL,'64',NULL,NULL,NULL,NULL,NULL,NULL,NULL),(26295,'M','FRANCAIS(E)',NULL,NULL,'24',NULL,NULL,NULL,NULL,'2010-null',NULL,'2006',NULL,NULL,NULL,NULL,NULL,NULL,NULL,NULL,NULL,NULL),(26296,'F','MAROCAIN(E)',NULL,NULL,'24',NULL,NULL,NULL,NULL,'2010-null',NULL,'2005',NULL,NULL,NULL,NULL,NULL,NULL,NULL,NULL,NULL,NULL),(26297,'M','MAROCAIN(E)',NULL,NULL,'24',NULL,NULL,NULL,NULL,'2010-null',NULL,'2007',NULL,NULL,NULL,NULL,NULL,NULL,NULL,NULL,NULL,NULL),(26298,'F','MAROCAIN(E)',NULL,NULL,'25',NULL,NULL,NULL,NULL,'2010-null',NULL,'2006',NULL,NULL,NULL,NULL,NULL,NULL,NULL,NULL,NULL,NULL),(26299,'M','INDIEN(NE)',NULL,NULL,'29',NULL,NULL,NULL,NULL,'2010-null',NULL,'2004',NULL,NULL,NULL,NULL,NULL,NULL,NULL,NULL,NULL,NULL),(26300,'M','FRANCAIS(E)',NULL,NULL,'25',NULL,NULL,NULL,NULL,'2010-null',NULL,'2005',NULL,NULL,'63',NULL,NULL,NULL,NULL,NULL,NULL,NULL),(26301,'M','FRANCAIS(E)',NULL,NULL,'25',NULL,NULL,NULL,NULL,'2010-null',NULL,'2005',NULL,NULL,'92',NULL,NULL,NULL,NULL,NULL,NULL,NULL),(26302,'M','ALGERIEN(NE)',NULL,NULL,'31',NULL,NULL,NULL,NULL,'2010-null',NULL,'1999',NULL,NULL,NULL,NULL,NULL,NULL,NULL,NULL,NULL,NULL),(26303,'M','FRANCAIS(E)',NULL,NULL,'25',NULL,NULL,NULL,NULL,'2010-null',NULL,'2005',NULL,NULL,'13',NULL,NULL,NULL,NULL,NULL,NULL,NULL),(26304,'M','FRANCAIS(E)',NULL,NULL,'25',NULL,NULL,NULL,NULL,'2010-null',NULL,'2005',NULL,NULL,'29',NULL,NULL,NULL,NULL,NULL,NULL,NULL),(26305,'M','FRANCAIS(E)',NULL,NULL,'25',NULL,NULL,NULL,NULL,'2010-null',NULL,'2005',NULL,NULL,'78',NULL,NULL,NULL,NULL,NULL,NULL,NULL),(26306,'F','FRANCAIS(E)',NULL,NULL,'22',NULL,NULL,NULL,NULL,'2010-null',NULL,'2007',NULL,NULL,'92',NULL,NULL,NULL,NULL,NULL,NULL,NULL),(26307,'M','FRANCAIS(E)',NULL,NULL,'25',NULL,NULL,NULL,NULL,'2010-null',NULL,'2005',NULL,NULL,'27',NULL,NULL,NULL,NULL,NULL,NULL,NULL),(26308,'M','MAROCAIN(E)',NULL,NULL,'25',NULL,NULL,NULL,NULL,'2010-null',NULL,'2006',NULL,NULL,NULL,NULL,NULL,NULL,NULL,NULL,NULL,NULL),(26309,'M','FRANCAIS(E)',NULL,NULL,'24',NULL,NULL,NULL,NULL,'2010-null',NULL,'2006',NULL,NULL,'13',NULL,NULL,NULL,NULL,NULL,NULL,NULL),(26310,'M','FRANCAIS(E)',NULL,NULL,'46',NULL,NULL,NULL,NULL,'2010-null',NULL,'1985',NULL,NULL,'63',NULL,NULL,NULL,NULL,NULL,NULL,NULL),(26311,'M','MAURITANIEN(NE)',NULL,NULL,'27',NULL,NULL,NULL,NULL,'2010-null',NULL,'2004',NULL,NULL,NULL,NULL,NULL,NULL,NULL,NULL,NULL,NULL),(26312,'M','FRANCAIS(E)',NULL,NULL,'39',NULL,NULL,NULL,NULL,'2010-null',NULL,'1991',NULL,NULL,NULL,NULL,NULL,NULL,NULL,NULL,NULL,NULL),(26313,'M','MAROCAIN(E)',NULL,NULL,'25',NULL,NULL,NULL,NULL,'2010-null',NULL,'2005',NULL,NULL,NULL,NULL,NULL,NULL,NULL,NULL,NULL,NULL),(26314,'M','COLOMBIEN(NE)',NULL,NULL,'28',NULL,NULL,NULL,NULL,'2010-null',NULL,'2001',NULL,NULL,NULL,NULL,NULL,NULL,NULL,NULL,NULL,NULL),(26315,'M','FRANCAIS(E)',NULL,NULL,'24',NULL,NULL,NULL,NULL,'2010-null',NULL,'2006',NULL,NULL,'26',NULL,NULL,NULL,NULL,NULL,NULL,NULL),(26316,'M','FRANCAIS(E)',NULL,NULL,'25',NULL,NULL,NULL,NULL,'2010-null',NULL,'2005',NULL,NULL,NULL,NULL,NULL,NULL,NULL,NULL,NULL,NULL),(26317,'M','FRANCAIS(E)',NULL,NULL,'25',NULL,NULL,NULL,NULL,'2010-null',NULL,'2005',NULL,NULL,'77',NULL,NULL,NULL,NULL,NULL,NULL,NULL),(26318,'M','FRANCAIS(E)',NULL,NULL,'24',NULL,NULL,NULL,NULL,'2010-null',NULL,'2006',NULL,NULL,'72',NULL,NULL,NULL,NULL,NULL,NULL,NULL),(26319,'F','SENEGALAIS(E)',NULL,NULL,'24',NULL,NULL,NULL,NULL,'2010-null',NULL,'2006',NULL,NULL,'33',NULL,NULL,NULL,NULL,NULL,NULL,NULL),(26320,'M','FRANCAIS(E)',NULL,NULL,'23',NULL,NULL,NULL,NULL,'2010-null',NULL,'2007',NULL,NULL,NULL,NULL,NULL,NULL,NULL,NULL,NULL,NULL),(26321,'M','BENINOIS(E)',NULL,NULL,'21',NULL,NULL,NULL,NULL,'2010-null',NULL,'2008',NULL,NULL,NULL,NULL,NULL,NULL,NULL,NULL,NULL,NULL),(26322,'M','ALGERIEN(NE)',NULL,NULL,'29',NULL,NULL,NULL,NULL,'2010-null',NULL,'2001',NULL,NULL,NULL,NULL,NULL,NULL,NULL,NULL,NULL,NULL),(26323,'M','TOGOLAIS(E)',NULL,NULL,'29',NULL,NULL,NULL,NULL,'2010-null',NULL,'2002',NULL,NULL,NULL,NULL,NULL,NULL,NULL,NULL,NULL,NULL),(26324,'M','FRANCAIS(E)',NULL,NULL,'22',NULL,NULL,NULL,NULL,'2010-null',NULL,'2008',NULL,NULL,'974',NULL,NULL,NULL,NULL,NULL,NULL,NULL),(26325,'M','FRANCAIS(E)',NULL,NULL,'22',NULL,NULL,NULL,NULL,'2010-null',NULL,'2008',NULL,NULL,'38',NULL,NULL,NULL,NULL,NULL,NULL,NULL),(26326,'M','FRANCAIS(E)',NULL,NULL,'22',NULL,'0904041708F',NULL,NULL,'2010-2009',NULL,'2007',NULL,'S   ',NULL,NULL,NULL,NULL,NULL,NULL,NULL,NULL),(26327,'M','FRANCAIS(E)',NULL,NULL,'23',NULL,'0800013036M',NULL,NULL,'2010-2009','Artisans','2007',NULL,'S   ',NULL,NULL,NULL,NULL,NULL,NULL,NULL,NULL),(26328,'M','FRANCAIS(E)',NULL,NULL,'23',NULL,'1800006021J',NULL,NULL,'2010-2009',NULL,'2007',NULL,'STL ',NULL,NULL,NULL,NULL,NULL,NULL,NULL,NULL),(26329,'M','FRANCAIS(E)',NULL,NULL,'23',NULL,'0600010645J',NULL,NULL,'2010-2009','Chefs d\'entreprise de 10 salariés ou plus','2007',NULL,'S   ',NULL,NULL,NULL,NULL,NULL,NULL,NULL,NULL),(26330,'M','FRANCAIS(E)',NULL,NULL,'23',NULL,'0600013445C',NULL,NULL,'2010-2009',NULL,'2007',NULL,'S   ',NULL,NULL,NULL,NULL,NULL,NULL,NULL,NULL),(26331,'M','FRANCAIS(E)',NULL,NULL,'23',NULL,'0800033825J',NULL,NULL,'2010-2009',NULL,'2007',NULL,'S   ',NULL,NULL,NULL,NULL,NULL,NULL,NULL,NULL),(26332,'M','FRANCAIS(E)',NULL,NULL,'24',NULL,'1899002775B',NULL,NULL,'2010-2009',NULL,'2006',NULL,'S   ',NULL,NULL,NULL,NULL,NULL,NULL,NULL,NULL),(26333,'M','FRANCAIS(E)',NULL,NULL,'23',NULL,'2100003377S',NULL,NULL,'2010-2009','Professions intermédiaires administratives et commerciales des entreprises','2007',NULL,'S   ',NULL,NULL,NULL,NULL,NULL,NULL,NULL,NULL),(26334,'M','FRANCAIS(E)',NULL,NULL,'25',NULL,'0698009577M',NULL,NULL,'2010-2009',NULL,'2006',NULL,'S   ',NULL,NULL,NULL,NULL,NULL,NULL,NULL,NULL),(26335,'M','FRANCAIS(E)',NULL,NULL,'23',NULL,'2400020432L',NULL,NULL,'2010-2009','Ouvriers qualifiés','2007',NULL,'S   ',NULL,NULL,NULL,NULL,NULL,NULL,NULL,NULL),(26336,'F','FRANCAIS(E)',NULL,NULL,'24',NULL,'0499002486G',NULL,NULL,'2010-2009',NULL,'2006',NULL,'S   ',NULL,NULL,NULL,NULL,NULL,NULL,NULL,NULL),(26337,'M','FRANCAIS(E)',NULL,NULL,'23',NULL,'0700010407C',NULL,NULL,'2010-2009','Techniciens','2007',NULL,'S   ',NULL,NULL,NULL,NULL,NULL,NULL,NULL,NULL),(26338,'M','FRANCAIS(E)',NULL,NULL,'22',NULL,'1000001032U',NULL,NULL,'2010-2009','Ouvriers qualifiés','2007',NULL,'STI ',NULL,NULL,NULL,NULL,NULL,NULL,NULL,NULL),(26339,'M','FRANCAIS(E)',NULL,NULL,'23',NULL,'1000030150U',NULL,NULL,'2010-2009','Anciens cadres et professions intermédiaires','2007',NULL,'S   ',NULL,NULL,NULL,NULL,NULL,NULL,NULL,NULL),(26340,'M','FRANCAIS(E)',NULL,NULL,'23',NULL,'2500011740R',NULL,NULL,'2010-2009',NULL,'2007',NULL,'S   ',NULL,NULL,NULL,NULL,NULL,NULL,NULL,NULL),(26441,'M','FRANCAIS(E)',NULL,NULL,'23',NULL,'0100012670Z',NULL,NULL,'2010-2009',NULL,'2007',NULL,'S   ','75',NULL,NULL,NULL,NULL,NULL,NULL,NULL),(26442,'M','COLOMBIEN(NE)',NULL,NULL,'28',NULL,'0DJADJ0ZTI6',NULL,NULL,'2010-2009',NULL,'2001',NULL,'0031',NULL,NULL,NULL,NULL,NULL,NULL,NULL,NULL),(26443,'M','KAZAKH',NULL,NULL,'29',NULL,'0DJADJ10A99',NULL,NULL,'2010-2009',NULL,'2005',NULL,'0031',NULL,NULL,NULL,NULL,NULL,NULL,NULL,NULL),(26444,'M','FRANCAIS(E)',NULL,NULL,'22',NULL,'1400022929D',NULL,NULL,'2010-2009',NULL,'2007',NULL,'S   ','29',NULL,NULL,NULL,NULL,NULL,NULL,NULL),(26445,'M','FRANCAIS(E)',NULL,NULL,'25',NULL,'0600002566C',NULL,NULL,'2010-2009','Artisans','2005',NULL,'S   ','63',NULL,NULL,NULL,NULL,NULL,NULL,NULL),(26446,'M','FRANCAIS(E)',NULL,NULL,'26',NULL,'0497006309Z',NULL,NULL,'2010-2009',NULL,'2004',NULL,'S   ','33',NULL,NULL,NULL,NULL,NULL,NULL,NULL),(26447,'M','FRANCAIS(E)',NULL,NULL,'26',NULL,'0897012104G',NULL,NULL,'2010-2009','Contremaîtres, agents de maîtrise','2004',NULL,'S   ','38',NULL,NULL,NULL,NULL,NULL,NULL,NULL),(26448,'M','FRANCAIS(E)',NULL,NULL,'26',NULL,'1897005295C',NULL,NULL,'2010-2009','Professions intermédiaires administratives et commerciales des entreprises','2004',NULL,'S   ','28',NULL,NULL,NULL,NULL,NULL,NULL,NULL),(26449,'M','FRANCAIS(E)',NULL,NULL,'25',NULL,'2298002874L',NULL,NULL,'2010-2009',NULL,'2004',NULL,'S   ','87',NULL,NULL,NULL,NULL,NULL,NULL,NULL),(26450,'M','FRANCAIS(E)',NULL,NULL,'25',NULL,'2298001532C',NULL,NULL,'2010-2009','Anciens employés et ouvriers','2005',NULL,'S   ','19',NULL,NULL,NULL,NULL,NULL,NULL,NULL),(26451,'M','FRANCAIS(E)',NULL,NULL,'25',NULL,'2298003366W',NULL,NULL,'2010-2009','Professions libérales et assimilés','2005',NULL,'S   ','87',NULL,NULL,NULL,NULL,NULL,NULL,NULL),(26452,'M','FRANCAIS(E)',NULL,NULL,'22',NULL,'2200007205E',NULL,NULL,'2010-2009','Professions libérales et assimilés','2007',NULL,'S   ','87',NULL,NULL,NULL,NULL,NULL,NULL,NULL),(26453,'M','FRANCAIS(E)',NULL,NULL,'23',NULL,'2200000177R',NULL,NULL,'2010-2009',NULL,'2007',NULL,'S   ','87',NULL,NULL,NULL,NULL,NULL,NULL,NULL),(26454,'M','FRANCAIS(E)',NULL,NULL,'22',NULL,'0400025431B',NULL,NULL,'2010-2009',NULL,'2007',NULL,'S   ','47',NULL,NULL,NULL,NULL,NULL,NULL,NULL),(26455,'F','BURKINABE',NULL,NULL,'24',NULL,'0DJADJ0Y4F7',NULL,NULL,'2010-2009','Commerçants et assimilés','2007',NULL,'0031',NULL,NULL,NULL,NULL,NULL,NULL,NULL,NULL),(26456,'M','FRANCAIS(E)',NULL,NULL,'24',NULL,'2599075934M',NULL,NULL,'2010-2009',NULL,'2006',NULL,'S   ','91',NULL,NULL,NULL,NULL,NULL,NULL,NULL),(26457,'F','FRANCAIS(E)',NULL,NULL,'23',NULL,'0800026350J',NULL,NULL,'2010-2009',NULL,'2007',NULL,'S   ','38',NULL,NULL,NULL,NULL,NULL,NULL,NULL),(26458,'M','FRANCAIS(E)',NULL,NULL,'23',NULL,'1600015436N',NULL,NULL,'2010-2009',NULL,'2007',NULL,'S   ','65',NULL,NULL,NULL,NULL,NULL,NULL,NULL),(26459,'M','FRANCAIS(E)',NULL,NULL,'25',NULL,'0698002396G',NULL,NULL,'2010-2009',NULL,'2005',NULL,'S   ','63',NULL,NULL,NULL,NULL,NULL,NULL,NULL),(26460,'M','FRANCAIS(E)',NULL,NULL,'28',NULL,'0696009288K',NULL,NULL,'2010-2009','Anciens cadres et professions intermédiaires','2003',NULL,'STI ','63',NULL,NULL,NULL,NULL,NULL,NULL,NULL),(26461,'M','FRANCAIS(E)',NULL,NULL,'27',NULL,'0DJADH0PYJ5',NULL,NULL,'2010-2009',NULL,'2003',NULL,'S   ','13',NULL,NULL,NULL,NULL,NULL,NULL,NULL),(26462,'M','FRANCAIS(E)',NULL,NULL,'25',NULL,'0798024785V',NULL,NULL,'2010-2009','Professions intermédiaires administratives et commerciales des entreprises','2005',NULL,'S   ','58',NULL,NULL,NULL,NULL,NULL,NULL,NULL),(26463,'M','ALGERIEN(NE)',NULL,NULL,'31',NULL,'0DJADI0TIB1',NULL,NULL,'2010-2009',NULL,'1999',NULL,'0031',NULL,NULL,NULL,NULL,NULL,NULL,NULL,NULL),(26464,'M','ALGERIEN(NE)',NULL,NULL,'32',NULL,'0DJADJ0ZYI6',NULL,NULL,'2010-2009',NULL,'1998',NULL,'0031',NULL,NULL,NULL,NULL,NULL,NULL,NULL,NULL),(26465,'F','ALGERIEN(NE)',NULL,NULL,'31',NULL,'0DJADJ0ZYK8',NULL,NULL,'2010-2009','Anciens employés et ouvriers','2000',NULL,'0031',NULL,NULL,NULL,NULL,NULL,NULL,NULL,NULL),(26466,'M','ALGERIEN(NE)',NULL,NULL,'31',NULL,'0DJADJ100Q6',NULL,NULL,'2010-2009',NULL,'2002',NULL,'0031',NULL,NULL,NULL,NULL,NULL,NULL,NULL,NULL),(26467,'M','FRANCAIS(E)',NULL,NULL,'23',NULL,'1400035869U',NULL,NULL,'2010-2009',NULL,'2007',NULL,'S   ','56',NULL,NULL,NULL,NULL,NULL,NULL,NULL),(26468,'M','FRANCAIS(E)',NULL,NULL,'26',NULL,'0697006951B',NULL,NULL,'2010-2009','Contremaîtres, agents de maîtrise','2004',NULL,'S   ','15',NULL,NULL,NULL,NULL,NULL,NULL,NULL),(26469,'M','GUINEEN(NE)',NULL,NULL,'26',NULL,'0DJADG0NG77',NULL,NULL,'2010-2009',NULL,'2005',NULL,'0031',NULL,NULL,NULL,NULL,NULL,NULL,NULL,NULL),(26470,'M','FRANCAIS(E)',NULL,NULL,'23',NULL,'0299006432S',NULL,NULL,'2010-2009',NULL,'2006',NULL,'S   ','13',NULL,NULL,NULL,NULL,NULL,NULL,NULL),(26471,'M','FRANCAIS(E)',NULL,NULL,'25',NULL,'2098027047G',NULL,NULL,'2010-2009',NULL,'2005',NULL,'S   ','60',NULL,NULL,NULL,NULL,NULL,NULL,NULL),(26472,'M','FRANCAIS(E)',NULL,NULL,'23',NULL,'0800032963X',NULL,NULL,'2010-2009',NULL,'2007',NULL,'S   ','38',NULL,NULL,NULL,NULL,NULL,NULL,NULL),(26473,'M','ALGERIEN(NE)',NULL,NULL,'24',NULL,'1306016673R',NULL,NULL,'2010-2009',NULL,'2006',NULL,'S   ','13',NULL,NULL,NULL,NULL,NULL,NULL,NULL),(26474,'F','BURUNDAIS(E)',NULL,NULL,'31',NULL,'0DJADJ0ZGQ6',NULL,NULL,'2010-2009',NULL,'2002',NULL,'0031',NULL,NULL,NULL,NULL,NULL,NULL,NULL,NULL),(26475,'F','TUNISIEN(NE)',NULL,NULL,'24',NULL,'0DJADJ0ZGR7',NULL,NULL,'2010-2009',NULL,'2007',NULL,'0031',NULL,NULL,NULL,NULL,NULL,NULL,NULL,NULL),(26476,'F','BRESILIEN(NE)',NULL,NULL,'25',NULL,'0DJADJ0ZTJ7',NULL,NULL,'2010-2009',NULL,'2004',NULL,'0031',NULL,NULL,NULL,NULL,NULL,NULL,NULL,NULL),(26477,'F','BRESILIEN(NE)',NULL,NULL,'26',NULL,'0DJADJ0ZTL9',NULL,NULL,'2010-2009',NULL,'2003',NULL,'0031',NULL,NULL,NULL,NULL,NULL,NULL,NULL,NULL),(26478,'F','FRANCAIS(E)',NULL,NULL,'22',NULL,'0600000553P',NULL,NULL,'2010-2009',NULL,'2007',NULL,'S   ','15',NULL,NULL,NULL,NULL,NULL,NULL,NULL),(26479,'M','FRANCAIS(E)',NULL,NULL,'24',NULL,'0699005917R',NULL,NULL,'2010-2009',NULL,'2006',NULL,'S   ','63',NULL,NULL,NULL,NULL,NULL,NULL,NULL),(26480,'M','BURUNDAIS(E)',NULL,NULL,'31',NULL,'0DJADJ0ZUN7',NULL,NULL,'2010-2009',NULL,'2001',NULL,'0031',NULL,NULL,NULL,NULL,NULL,NULL,NULL,NULL),(26481,'M','MAROCAIN(E)',NULL,NULL,'23',NULL,'0DJADJ0ZUQ0',NULL,NULL,'2010-2009',NULL,'2007',NULL,'0031',NULL,NULL,NULL,NULL,NULL,NULL,NULL,NULL),(26482,'M','FRANCAIS(E)',NULL,NULL,'24',NULL,'0699008240R',NULL,NULL,'2010-2009',NULL,'2007',NULL,'S   ','43',NULL,NULL,NULL,NULL,NULL,NULL,NULL),(26483,'M','MAROCAIN(E)',NULL,NULL,'24',NULL,'0DJADJ0ZUT3',NULL,NULL,'2010-2009','Anciens employés et ouvriers','2006',NULL,'0031',NULL,NULL,NULL,NULL,NULL,NULL,NULL,NULL),(26484,'M','FRANCAIS(E)',NULL,NULL,'24',NULL,'1199026557L',NULL,NULL,'2010-2009',NULL,'2006',NULL,'S   ','66',NULL,NULL,NULL,NULL,NULL,NULL,NULL),(26485,'M','FRANCAIS(E)',NULL,NULL,'24',NULL,'0698006427N',NULL,NULL,'2010-2009',NULL,'2005',NULL,'S   ','63',NULL,NULL,NULL,NULL,NULL,NULL,NULL),(26486,'M','FRANCAIS(E)',NULL,NULL,'26',NULL,'2297001832X',NULL,NULL,'2010-2009','Anciens cadres et professions intermédiaires','2004',NULL,'S   ','19',NULL,NULL,NULL,NULL,NULL,NULL,NULL),(26487,'F','FRANCAIS(E)',NULL,NULL,'26',NULL,'0697010068P',NULL,NULL,'2010-2009','Personnels des services directs aux particuliers','2004',NULL,'S   ','63',NULL,NULL,NULL,NULL,NULL,NULL,NULL),(26488,'M','FRANCAIS(E)',NULL,NULL,'25',NULL,'1098040214X',NULL,NULL,'2010-2009','Agriculteurs exploitants','2005',NULL,'S   ','42',NULL,NULL,NULL,NULL,NULL,NULL,NULL),(26489,'M','FRANCAIS(E)',NULL,NULL,'27',NULL,'1196020661H',NULL,NULL,'2010-2009','Commerçants et assimilés','2003',NULL,'S   ','30',NULL,NULL,NULL,NULL,NULL,NULL,NULL),(26490,'M','FRANCAIS(E)',NULL,NULL,'26',NULL,'0998064363U',NULL,NULL,'2010-2009','Anciens cadres et professions intermédiaires','2004',NULL,'S   ','59',NULL,NULL,NULL,NULL,NULL,NULL,NULL),(26491,'M','FRANCAIS(E)',NULL,NULL,'25',NULL,'0698001566E',NULL,NULL,'2010-2009','Anciens employés et ouvriers','2005',NULL,'S   ','15',NULL,NULL,NULL,NULL,NULL,NULL,NULL),(26492,'M','FRANCAIS(E)',NULL,NULL,'26',NULL,'0697014303T',NULL,NULL,'2010-2009',NULL,'2005',NULL,'STI ','63',NULL,NULL,NULL,NULL,NULL,NULL,NULL),(26493,'F','MAROCAIN(E)',NULL,NULL,'25',NULL,'0DJADJ0ZVH7',NULL,NULL,'2010-2009','Commerçants et assimilés','2006',NULL,'0031',NULL,NULL,NULL,NULL,NULL,NULL,NULL,NULL),(26494,'M','CHINOIS(E)',NULL,NULL,'24',NULL,'0DJADI0SV13',NULL,NULL,'2010-2009','Techniciens','2006',NULL,'0031',NULL,NULL,NULL,NULL,NULL,NULL,NULL,NULL),(26495,'M','MAROCAIN(E)',NULL,NULL,'27',NULL,'073ZOF01R68',NULL,NULL,'2010-2009',NULL,'2004',NULL,'0031',NULL,NULL,NULL,NULL,NULL,NULL,NULL,NULL),(26496,'M','FRANCAIS(E)',NULL,NULL,'26',NULL,'0601020171V',NULL,NULL,'2010-2009','Professions libérales et assimilés','2004',NULL,'S   ','63',NULL,NULL,NULL,NULL,NULL,NULL,NULL),(26497,'M','MAROCAIN(E)',NULL,NULL,'25',NULL,'0DJADH0QNA6',NULL,NULL,'2010-2009','Anciens employés et ouvriers','2004',NULL,'0031',NULL,NULL,NULL,NULL,NULL,NULL,NULL,NULL),(26498,'F','MAROCAIN(E)',NULL,NULL,'26',NULL,'0DJADG0NUB5',NULL,NULL,'2010-2009',NULL,'2004',NULL,'0031',NULL,NULL,NULL,NULL,NULL,NULL,NULL,NULL),(26499,'M','FRANCAIS(E)',NULL,NULL,'24',NULL,'0299036197V',NULL,NULL,'2010-2009',NULL,'2006',NULL,'S   ','13',NULL,NULL,NULL,NULL,NULL,NULL,NULL),(26500,'M','FRANCAIS(E)',NULL,NULL,'25',NULL,'2598028673K',NULL,NULL,'2010-2009',NULL,'2005',NULL,'STI ','78',NULL,NULL,NULL,NULL,NULL,NULL,NULL),(26501,'M','FRANCAIS(E)',NULL,NULL,'26',NULL,'0DJADJ0ZVS8',NULL,NULL,'2010-2009',NULL,'2004',NULL,'0031',NULL,NULL,NULL,NULL,NULL,NULL,NULL,NULL),(26502,'M','MAROCAIN(E)',NULL,NULL,'26',NULL,'0DJADI0SYU0',NULL,NULL,'2010-2009',NULL,'2004',NULL,'0031',NULL,NULL,NULL,NULL,NULL,NULL,NULL,NULL),(26503,'M','FRANCAIS(E)',NULL,NULL,'26',NULL,'1697025748E',NULL,NULL,'2010-2009','Professions libérales et assimilés','2004',NULL,'S   ','65',NULL,NULL,NULL,NULL,NULL,NULL,NULL),(26504,'M','FRANCAIS(E)',NULL,NULL,'26',NULL,'0697011009M',NULL,NULL,'2010-2009','Ouvriers non qualifiés','2004',NULL,'S   ','63',NULL,NULL,NULL,NULL,NULL,NULL,NULL),(26505,'M','FRANCAIS(E)',NULL,NULL,'24',NULL,'1898024252P',NULL,NULL,'2010-2009',NULL,'2005',NULL,'S   ','28',NULL,NULL,NULL,NULL,NULL,NULL,NULL),(26506,'F','FRANCAIS(E)',NULL,NULL,'25',NULL,'0698001932C',NULL,NULL,'2010-2009','Agriculteurs exploitants','2005',NULL,'S   ','43',NULL,NULL,NULL,NULL,NULL,NULL,NULL),(26507,'M','CHINOIS(E)',NULL,NULL,'26',NULL,'0DJADJ10Y26',NULL,NULL,'2010-2009',NULL,'2004',NULL,'0031',NULL,NULL,NULL,NULL,NULL,NULL,NULL,NULL),(26508,'M','FRANCAIS(E)',NULL,NULL,'25',NULL,'0698006855D',NULL,NULL,'2010-2009',NULL,'2005',NULL,'S   ','63',NULL,NULL,NULL,NULL,NULL,NULL,NULL),(26509,'M','FRANCAIS(E)',NULL,NULL,'25',NULL,'2298006777D',NULL,NULL,'2010-2009',NULL,'2005',NULL,'S   ',NULL,NULL,NULL,NULL,NULL,NULL,NULL,NULL),(26510,'M','FRANCAIS(E)',NULL,NULL,'23',NULL,'1899031741L',NULL,NULL,'2010-2009',NULL,'2006',NULL,'S   ','18',NULL,NULL,NULL,NULL,NULL,NULL,NULL),(26511,'M','FRANCAIS(E)',NULL,NULL,'25',NULL,'1198013675C',NULL,NULL,'2010-2009','Ouvriers qualifiés','2005',NULL,'S   ','30',NULL,NULL,NULL,NULL,NULL,NULL,NULL),(26512,'M','FRANCAIS(E)',NULL,NULL,'25',NULL,'0598039972Y',NULL,NULL,'2010-2009',NULL,'2005',NULL,'S   ','50',NULL,NULL,NULL,NULL,NULL,NULL,NULL),(26513,'M','FRANCAIS(E)',NULL,NULL,'25',NULL,'0697009575D',NULL,NULL,'2010-2009',NULL,'2004',NULL,'S   ','63',NULL,NULL,NULL,NULL,NULL,NULL,NULL),(26514,'M','FRANCAIS(E)',NULL,NULL,'25',NULL,'1698015275C',NULL,NULL,'2010-2009',NULL,'2005',NULL,'S   ','31',NULL,NULL,NULL,NULL,NULL,NULL,NULL),(26515,'M','FRANCAIS(E)',NULL,NULL,'25',NULL,'0698006209B',NULL,NULL,'2010-2009',NULL,'2005',NULL,'S   ','63',NULL,NULL,NULL,NULL,NULL,NULL,NULL),(26516,'F','MAROCAIN(E)',NULL,NULL,'27',NULL,'07B6NCH5AF1',NULL,NULL,'2010-2009','Commerçants et assimilés','2002',NULL,'0031',NULL,NULL,NULL,NULL,NULL,NULL,NULL,NULL),(26517,'M','MAROCAIN(E)',NULL,NULL,'24',NULL,'0DJADI0SVW4',NULL,NULL,'2010-2009',NULL,'2006',NULL,'0031',NULL,NULL,NULL,NULL,NULL,NULL,NULL,NULL),(26518,'M','FRANCAIS(E)',NULL,NULL,'24',NULL,'0698010773M',NULL,NULL,'2010-2009',NULL,'2005',NULL,'S   ','63',NULL,NULL,NULL,NULL,NULL,NULL,NULL),(26519,'M','FRANCAIS(E)',NULL,NULL,'25',NULL,'1298013979K',NULL,NULL,'2010-2009','Artisans','2005',NULL,'S   ','57',NULL,NULL,NULL,NULL,NULL,NULL,NULL),(26520,'M','FRANCAIS(E)',NULL,NULL,'25',NULL,'0698010992A',NULL,NULL,'2010-2009','Ouvriers qualifiés','2005',NULL,'S   ','63',NULL,NULL,NULL,NULL,NULL,NULL,NULL),(26521,'M','FRANCAIS(E)',NULL,NULL,'24',NULL,'1799033622D',NULL,NULL,'2010-2009','Techniciens','2006',NULL,'S   ','44',NULL,NULL,NULL,NULL,NULL,NULL,NULL),(26522,'F','MAROCAIN(E)',NULL,NULL,'25',NULL,'0DJADH0Q5Q4',NULL,NULL,'2010-2009','Anciens employés et ouvriers','2005',NULL,'0031',NULL,NULL,NULL,NULL,NULL,NULL,NULL,NULL),(26523,'M','MAROCAIN(E)',NULL,NULL,'27',NULL,'0DJADH0QGY8',NULL,NULL,'2010-2009',NULL,'2004',NULL,'0031',NULL,NULL,NULL,NULL,NULL,NULL,NULL,NULL),(26524,'M','FRANCAIS(E)',NULL,NULL,'24',NULL,'0204032555S',NULL,NULL,'2010-2009',NULL,'2006',NULL,'S   ','13',NULL,NULL,NULL,NULL,NULL,NULL,NULL),(26525,'F','SENEGALAIS(E)',NULL,NULL,'25',NULL,'07IS8G00ST9',NULL,NULL,'2010-2009','Inactifs divers (autres que retraités)','2006',NULL,'0031',NULL,NULL,NULL,NULL,NULL,NULL,NULL,NULL),(26526,'M','FRANCAIS(E)',NULL,NULL,'26',NULL,'0699021583U',NULL,NULL,'2010-2009','Techniciens','2004',NULL,'S   ','63',NULL,NULL,NULL,NULL,NULL,NULL,NULL),(26527,'M','FRANCAIS(E)',NULL,NULL,'24',NULL,'1799011994V',NULL,NULL,'2010-2009',NULL,'2006',NULL,'S   ','72',NULL,NULL,NULL,NULL,NULL,NULL,NULL),(26528,'M','FRANCAIS(E)',NULL,NULL,'24',NULL,'0698003985J',NULL,NULL,'2010-2009',NULL,'2005',NULL,'S   ','63',NULL,NULL,NULL,NULL,NULL,NULL,NULL),(26529,'M','FRANCAIS(E)',NULL,NULL,'25',NULL,'4301009087C',NULL,NULL,'2010-2009','Employés administratifs d\'entreprise','2005',NULL,'S   ',NULL,NULL,NULL,NULL,NULL,NULL,NULL,NULL),(26530,'F','SENEGALAIS(E)',NULL,NULL,'24',NULL,'2106015514Y',NULL,NULL,'2010-2009',NULL,'2006',NULL,'S   ','33',NULL,NULL,NULL,NULL,NULL,NULL,NULL),(26531,'M','FRANCAIS(E)',NULL,NULL,'24',NULL,'3299002441U',NULL,NULL,'2010-2009',NULL,'2006',NULL,'S   ',NULL,NULL,NULL,NULL,NULL,NULL,NULL,NULL),(26532,'M','FRANCAIS(E)',NULL,NULL,'25',NULL,'0699019815X',NULL,NULL,'2010-2009',NULL,'2005',NULL,'S   ','63',NULL,NULL,NULL,NULL,NULL,NULL,NULL),(26533,'M','FRANCAIS(E)',NULL,NULL,'24',NULL,'1899020235E',NULL,NULL,'2010-2009',NULL,'2006',NULL,'S   ','37',NULL,NULL,NULL,NULL,NULL,NULL,NULL),(26534,'M','FRANCAIS(E)',NULL,NULL,'22',NULL,'0499042908U',NULL,NULL,'2010-2009',NULL,'2006',NULL,'S   ','64',NULL,NULL,NULL,NULL,NULL,NULL,NULL),(26535,'M','FRANCAIS(E)',NULL,NULL,'24',NULL,'0699008280J',NULL,NULL,'2010-2009',NULL,'2006',NULL,'S   ','43',NULL,NULL,NULL,NULL,NULL,NULL,NULL),(26536,'M','FRANCAIS(E)',NULL,NULL,'24',NULL,'0699009604Y',NULL,NULL,'2010-2009','Techniciens','2006',NULL,'S   ','63',NULL,NULL,NULL,NULL,NULL,NULL,NULL),(26537,'M','CHINOIS(E)',NULL,NULL,'29',NULL,'0DJADF0MMQ0',NULL,NULL,'2010-2009',NULL,'2001',NULL,'0031',NULL,NULL,NULL,NULL,NULL,NULL,NULL,NULL),(26538,'M','TUNISIEN(NE)',NULL,NULL,'27',NULL,'0DJADH0QPE2',NULL,NULL,'2010-2009',NULL,'2004',NULL,'0031',NULL,NULL,NULL,NULL,NULL,NULL,NULL,NULL),(26539,'M','FRANCAIS(E)',NULL,NULL,'25',NULL,'2498025499H',NULL,NULL,'2010-2009','Anciens employés et ouvriers','2005',NULL,'S   ','93',NULL,NULL,NULL,NULL,NULL,NULL,NULL),(26540,'M','FRANCAIS(E)',NULL,NULL,'25',NULL,'1298017255W',NULL,NULL,'2010-2009','Ouvriers qualifiés','2005',NULL,'S   ','88',NULL,NULL,NULL,NULL,NULL,NULL,NULL),(26641,'M','FRANCAIS(E)',NULL,NULL,'27',NULL,'1696021158J',NULL,NULL,'2010-2009',NULL,'2004',NULL,'STI ','31',NULL,NULL,NULL,NULL,NULL,NULL,NULL),(26642,'M','FRANCAIS(E)',NULL,NULL,'26',NULL,'0797002876Z',NULL,NULL,'2010-2009',NULL,'2004',NULL,'S   ','21',NULL,NULL,NULL,NULL,NULL,NULL,NULL),(26643,'M','FRANCAIS(E)',NULL,NULL,'26',NULL,'2397024483V',NULL,NULL,'2010-2009',NULL,'2004',NULL,'S   ','83',NULL,NULL,NULL,NULL,NULL,NULL,NULL),(26644,'M','FRANCAIS(E)',NULL,NULL,'25',NULL,'2598042100E',NULL,NULL,'2010-2009',NULL,'2005',NULL,'S   ','92',NULL,NULL,NULL,NULL,NULL,NULL,NULL),(26645,'F','ALGERIEN(NE)',NULL,NULL,'29',NULL,'0DJADI0SUW8',NULL,NULL,'2010-2009','Professions libérales et assimilés','2002',NULL,'0031',NULL,NULL,NULL,NULL,NULL,NULL,NULL,NULL),(26646,'M','FRANCAIS(E)',NULL,NULL,'26',NULL,'0697003437G',NULL,NULL,'2010-2009','Anciens cadres et professions intermédiaires','2004',NULL,'S   ','63',NULL,NULL,NULL,NULL,NULL,NULL,NULL),(26647,'M','FRANCAIS(E)',NULL,NULL,'25',NULL,'1398017666V',NULL,NULL,'2010-2009',NULL,'2005',NULL,'S   ',NULL,NULL,NULL,NULL,NULL,NULL,NULL,NULL),(26648,'M','FRANCAIS(E)',NULL,NULL,'25',NULL,'0600024461B',NULL,NULL,'2010-2009',NULL,'2005',NULL,'S   ',NULL,NULL,NULL,NULL,NULL,NULL,NULL,NULL),(26649,'M','FRANCAIS(E)',NULL,NULL,'25',NULL,'0697001686D',NULL,NULL,'2010-2009','Anciens employés et ouvriers','2004',NULL,'S   ','63',NULL,NULL,NULL,NULL,NULL,NULL,NULL),(26650,'M','MAROCAIN(E)',NULL,NULL,'26',NULL,'1804039487L',NULL,NULL,'2010-2009','Professions libérales et assimilés','2004',NULL,'0031',NULL,NULL,NULL,NULL,NULL,NULL,NULL,NULL),(26651,'M','FRANCAIS(E)',NULL,NULL,'26',NULL,'0697003247A',NULL,NULL,'2010-2009',NULL,'2004',NULL,'S   ','63',NULL,NULL,NULL,NULL,NULL,NULL,NULL),(26652,'F','FRANCAIS(E)',NULL,NULL,'22',NULL,'2500019454A',NULL,NULL,'2010-2009',NULL,'2007',NULL,'S   ','92',NULL,NULL,NULL,NULL,NULL,NULL,NULL),(26653,'M','FRANCAIS(E)',NULL,NULL,'23',NULL,'2400053871H',NULL,NULL,'2010-2009','Contremaîtres, agents de maîtrise','2007',NULL,'S   ','75',NULL,NULL,NULL,NULL,NULL,NULL,NULL),(26654,'F','FRANCAIS(E)',NULL,NULL,'23',NULL,'2500059782K',NULL,NULL,'2010-2009',NULL,'2007',NULL,'S   ','78',NULL,NULL,NULL,NULL,NULL,NULL,NULL),(26655,'M','MAROCAIN(E)',NULL,NULL,'25',NULL,'1605028898D',NULL,NULL,'2010-2009',NULL,'2005',NULL,'S   ',NULL,NULL,NULL,NULL,NULL,NULL,NULL,NULL),(26656,'F','FRANCAIS(E)',NULL,NULL,'27',NULL,'0696002020K',NULL,NULL,'2010-2009',NULL,'2003',NULL,'S   ','15',NULL,NULL,NULL,NULL,NULL,NULL,NULL),(26657,'F','FRANCAIS(E)',NULL,NULL,'24',NULL,'0698001188U',NULL,NULL,'2010-2009','Chefs d\'entreprise de 10 salariés ou plus','2005',NULL,'S   ','15',NULL,NULL,NULL,NULL,NULL,NULL,NULL),(26658,'M','FRANCAIS(E)',NULL,NULL,'25',NULL,'2198027941F',NULL,NULL,'2010-2009',NULL,'2005',NULL,'S   ','76',NULL,NULL,NULL,NULL,NULL,NULL,NULL),(26659,'F','MAROCAIN(E)',NULL,NULL,'27',NULL,'0DJADJ13277',NULL,NULL,'2010-2009',NULL,'2004',NULL,'0031',NULL,NULL,NULL,NULL,NULL,NULL,NULL,NULL),(26660,'F','MAROCAIN(E)',NULL,NULL,'25',NULL,'0DJADJ13288',NULL,NULL,'2010-2009',NULL,'2004',NULL,'0031',NULL,NULL,NULL,NULL,NULL,NULL,NULL,NULL),(26661,'M','MAROCAIN(E)',NULL,NULL,'28',NULL,'0DJADJ13299',NULL,NULL,'2010-2009',NULL,'2002',NULL,'0031',NULL,NULL,NULL,NULL,NULL,NULL,NULL,NULL),(26662,'M','MAROCAIN(E)',NULL,NULL,'25',NULL,'0DJADJ132A0',NULL,NULL,'2010-2009',NULL,'2005',NULL,'0031',NULL,NULL,NULL,NULL,NULL,NULL,NULL,NULL),(26663,'M','MAROCAIN(E)',NULL,NULL,'27',NULL,'0DJADJ132T9',NULL,NULL,'2010-2009',NULL,'2004',NULL,'0031',NULL,NULL,NULL,NULL,NULL,NULL,NULL,NULL),(26664,'M','MAROCAIN(E)',NULL,NULL,'26',NULL,'0DJADJ132V1',NULL,NULL,'2010-2009',NULL,'2004',NULL,'0031',NULL,NULL,NULL,NULL,NULL,NULL,NULL,NULL),(26665,'M','MAROCAIN(E)',NULL,NULL,'25',NULL,'0DJADJ133B7',NULL,NULL,'2010-2009',NULL,'2005',NULL,'0031',NULL,NULL,NULL,NULL,NULL,NULL,NULL,NULL),(26666,'M','SENEGALAIS(E)',NULL,NULL,'26',NULL,'0DJADJ133D9',NULL,NULL,'2010-2009',NULL,'2005',NULL,'0031',NULL,NULL,NULL,NULL,NULL,NULL,NULL,NULL),(26667,'F','MAROCAIN(E)',NULL,NULL,'27',NULL,'0DJADJ133V7',NULL,NULL,'2010-2009',NULL,'2004',NULL,'0031',NULL,NULL,NULL,NULL,NULL,NULL,NULL,NULL),(26668,'M','FRANCAIS(E)',NULL,NULL,'25',NULL,'1198019779M',NULL,NULL,'2010-2009',NULL,'2005',NULL,'S   ','34',NULL,NULL,NULL,NULL,NULL,NULL,NULL),(26669,'M','FRANCAIS(E)',NULL,NULL,'25',NULL,'0698003734L',NULL,NULL,'2010-2009','Agriculteurs exploitants','2005',NULL,'S   ',NULL,NULL,NULL,NULL,NULL,NULL,NULL,NULL),(26670,'M','FRANCAIS(E)',NULL,NULL,'32',NULL,'0692020484D',NULL,NULL,'2010-2009',NULL,'1998',NULL,'S   ','63',NULL,NULL,NULL,NULL,NULL,NULL,NULL),(26671,'M','FRANCAIS(E)',NULL,NULL,'24',NULL,'1098031414G',NULL,NULL,'2010-2009','Ouvriers qualifiés','2005',NULL,'S   ',NULL,NULL,NULL,NULL,NULL,NULL,NULL,NULL),(26672,'M','FRANCAIS(E)',NULL,NULL,'25',NULL,'1098000691M',NULL,NULL,'2010-2009','Employés de commerce','2005',NULL,'S   ','42',NULL,NULL,NULL,NULL,NULL,NULL,NULL),(26673,'M','FRANCAIS(E)',NULL,NULL,'25',NULL,'2499070105Z',NULL,NULL,'2010-2009','Agriculteurs exploitants','2005',NULL,'S   ','77',NULL,NULL,NULL,NULL,NULL,NULL,NULL),(26674,'F','FRANCAIS(E)',NULL,NULL,'25',NULL,'0998067345K',NULL,NULL,'2010-2009',NULL,'2005',NULL,'S   ','59',NULL,NULL,NULL,NULL,NULL,NULL,NULL),(26675,'M','FRANCAIS(E)',NULL,NULL,'28',NULL,'0695012428S',NULL,NULL,'2010-2009','Employés de commerce','2004',NULL,'STI ','63',NULL,NULL,NULL,NULL,NULL,NULL,NULL),(26676,'M','FRANCAIS(E)',NULL,NULL,'26',NULL,'2097007420S',NULL,NULL,'2010-2009',NULL,'2004',NULL,'S   ',NULL,NULL,NULL,NULL,NULL,NULL,NULL,NULL),(26677,'M','FRANCAIS(E)',NULL,NULL,'25',NULL,'0798017406Z',NULL,NULL,'2010-2009','Inactifs divers (autres que retraités)','2005',NULL,'STI ',NULL,NULL,NULL,NULL,NULL,NULL,NULL,NULL),(26678,'M','FRANCAIS(E)',NULL,NULL,'26',NULL,'1598023903D',NULL,NULL,'2010-2009',NULL,'2004',NULL,'S   ','68',NULL,NULL,NULL,NULL,NULL,NULL,NULL),(26679,'M','FRANCAIS(E)',NULL,NULL,'25',NULL,'1098022217K',NULL,NULL,'2010-2009',NULL,'2005',NULL,'S   ','42',NULL,NULL,NULL,NULL,NULL,NULL,NULL),(26680,'M','FRANCAIS(E)',NULL,NULL,'25',NULL,'1098033297D',NULL,NULL,'2010-2009',NULL,'2005',NULL,'S   ','69',NULL,NULL,NULL,NULL,NULL,NULL,NULL),(26681,'F','MAROCAIN(E)',NULL,NULL,'25',NULL,'0DJADJ13159',NULL,NULL,'2010-2009',NULL,'2005',NULL,'0031',NULL,NULL,NULL,NULL,NULL,NULL,NULL,NULL),(26682,'M','CHINOIS(E)',NULL,NULL,'26',NULL,'0DJADJ12SU0',NULL,NULL,'2010-2009',NULL,'2005',NULL,'0031',NULL,NULL,NULL,NULL,NULL,NULL,NULL,NULL),(26683,'M','CHINOIS(E)',NULL,NULL,'25',NULL,'0DJADJ12ST9',NULL,NULL,'2010-2009',NULL,'2005',NULL,'0031',NULL,NULL,NULL,NULL,NULL,NULL,NULL,NULL),(26684,'M','CAMEROUNAIS(E)',NULL,NULL,'26',NULL,'0DJADJ12H26',NULL,NULL,'2010-2009',NULL,'2005',NULL,'0031',NULL,NULL,NULL,NULL,NULL,NULL,NULL,NULL),(26685,'M','CHINOIS(E)',NULL,NULL,'27',NULL,'0DJADJ12SV1',NULL,NULL,'2010-2009',NULL,'2005',NULL,'0031',NULL,NULL,NULL,NULL,NULL,NULL,NULL,NULL),(26686,'M','FRANCAIS(E)',NULL,NULL,'26',NULL,'1104033484W',NULL,NULL,'2010-2009','Anciens cadres et professions intermédiaires','2004',NULL,'S   ','83',NULL,NULL,NULL,NULL,NULL,NULL,NULL),(26687,'M','CHINOIS(E)',NULL,NULL,'26',NULL,'0DJADJ12SR7',NULL,NULL,'2010-2009',NULL,'2004',NULL,'0031',NULL,NULL,NULL,NULL,NULL,NULL,NULL,NULL),(26688,'M','FRANCAIS(E)',NULL,NULL,'41',NULL,'0DJAD001102',NULL,NULL,'2010-2009','Agriculteurs exploitants','1992',NULL,'D   ',NULL,NULL,NULL,NULL,NULL,NULL,NULL,NULL),(26689,'F','FRANCAIS(E)',NULL,NULL,'48',NULL,'0DJADJ124U6',NULL,NULL,'2010-2009',NULL,'1982',NULL,'C   ','63',NULL,NULL,NULL,NULL,NULL,NULL,NULL),(26690,'F','FRANCAIS(E)',NULL,NULL,'36',NULL,'0694017114D',NULL,NULL,'2010-2009',NULL,'1995',NULL,'S   ',NULL,NULL,NULL,NULL,NULL,NULL,NULL,NULL),(26691,'M','FRANCAIS(E)',NULL,NULL,'34',NULL,'0DJ32300PI8',NULL,NULL,'2010-2009',NULL,'1997',NULL,'S   ','63',NULL,NULL,NULL,NULL,NULL,NULL,NULL),(26692,'M','FRANCAIS(E)',NULL,NULL,'46',NULL,'0DJADJ125F7',NULL,NULL,'2010-2009',NULL,'1985',NULL,'B   ','63',NULL,NULL,NULL,NULL,NULL,NULL,NULL),(26693,'M','MAROCAIN(E)',NULL,NULL,'25',NULL,'0DJADJ127M6',NULL,NULL,'2010-2009',NULL,'2004',NULL,'0031',NULL,NULL,NULL,NULL,NULL,NULL,NULL,NULL),(26694,'M','MAROCAIN(E)',NULL,NULL,'28',NULL,'0DJADJ132B1',NULL,NULL,'2010-2009',NULL,'2004',NULL,'0031',NULL,NULL,NULL,NULL,NULL,NULL,NULL,NULL),(26695,'M','MAROCAIN(E)',NULL,NULL,'25',NULL,'0DJADJ132S8',NULL,NULL,'2010-2009',NULL,'2005',NULL,'0031',NULL,NULL,NULL,NULL,NULL,NULL,NULL,NULL),(26696,'M','CHINOIS(E)',NULL,NULL,'27',NULL,'0DJADJ12SS8',NULL,NULL,'2010-2009',NULL,'2005',NULL,'0031',NULL,NULL,NULL,NULL,NULL,NULL,NULL,NULL),(26697,'M',NULL,NULL,NULL,'28',NULL,'1799026187X',NULL,NULL,'2010-2008',NULL,'2002',NULL,'S   ',NULL,NULL,NULL,NULL,NULL,NULL,NULL,NULL),(26698,'F',NULL,NULL,NULL,'26',NULL,'0DJADG0NMH3',NULL,NULL,'2010-2008',NULL,'2004',NULL,'31',NULL,NULL,NULL,NULL,NULL,NULL,NULL,NULL),(26699,'M',NULL,NULL,NULL,'25',NULL,'2501070128M',NULL,NULL,'2010-2008',NULL,'2004',NULL,'S   ',NULL,NULL,NULL,NULL,NULL,NULL,NULL,NULL),(26700,'M',NULL,NULL,NULL,'24',NULL,'0699000392K',NULL,NULL,'2010-2008',NULL,'2006',NULL,'S   ',NULL,NULL,NULL,NULL,NULL,NULL,NULL,NULL),(26701,'F',NULL,NULL,NULL,'25',NULL,'2498015414W',NULL,NULL,'2010-2008','Anciens employés et ouvriers','2005',NULL,'S   ',NULL,NULL,NULL,NULL,NULL,NULL,NULL,NULL),(26702,'M',NULL,NULL,NULL,'24',NULL,'0699009811Y',NULL,NULL,'2010-2008','Anciens employés et ouvriers','2006',NULL,'S   ',NULL,NULL,NULL,NULL,NULL,NULL,NULL,NULL),(26703,'M',NULL,NULL,NULL,'25',NULL,'1198013675C',NULL,NULL,'2010-2008',NULL,'2005',NULL,'S   ',NULL,NULL,NULL,NULL,NULL,NULL,NULL,NULL),(26704,'M',NULL,NULL,NULL,'24',NULL,'1499012249R',NULL,NULL,'2010-2008','Ouvriers non qualifiés','2006',NULL,'S   ',NULL,NULL,NULL,NULL,NULL,NULL,NULL,NULL),(26705,'M',NULL,NULL,NULL,'24',NULL,'1406002491C',NULL,NULL,'2010-2008','Techniciens','2006',NULL,'STI ',NULL,NULL,NULL,NULL,NULL,NULL,NULL,NULL),(26706,'M',NULL,NULL,NULL,'25',NULL,'2498007525W',NULL,NULL,'2010-2008',NULL,'2005',NULL,'S   ',NULL,NULL,NULL,NULL,NULL,NULL,NULL,NULL),(26707,'M',NULL,NULL,NULL,'25',NULL,'0600028152N',NULL,NULL,'2010-2008',NULL,'2006',NULL,'S   ',NULL,NULL,NULL,NULL,NULL,NULL,NULL,NULL),(26708,'M',NULL,NULL,NULL,'27',NULL,'1696006175Y',NULL,NULL,'2010-2008',NULL,'2005',NULL,'STI ',NULL,NULL,NULL,NULL,NULL,NULL,NULL,NULL),(26709,'M',NULL,NULL,NULL,'25',NULL,'4301009087C',NULL,NULL,'2010-2008','Employés administratifs d\'entreprise','2005',NULL,'S   ',NULL,NULL,NULL,NULL,NULL,NULL,NULL,NULL),(26710,'M',NULL,NULL,NULL,'25',NULL,'2498032491H',NULL,NULL,'2010-2008',NULL,'2005',NULL,'S   ',NULL,NULL,NULL,NULL,NULL,NULL,NULL,NULL),(26711,'M',NULL,NULL,NULL,'25',NULL,'0698006751R',NULL,NULL,'2010-2008',NULL,'2005',NULL,'S   ',NULL,NULL,NULL,NULL,NULL,NULL,NULL,NULL),(26712,'F',NULL,NULL,NULL,'24',NULL,'4198020693W',NULL,NULL,'2010-2008',NULL,'2005',NULL,'S   ',NULL,NULL,NULL,NULL,NULL,NULL,NULL,NULL),(26713,'M',NULL,NULL,NULL,'26',NULL,'0697007259L',NULL,NULL,'2010-2008',NULL,'2005',NULL,'S   ',NULL,NULL,NULL,NULL,NULL,NULL,NULL,NULL),(26714,'M',NULL,NULL,NULL,'24',NULL,'0299036197V',NULL,NULL,'2010-2008',NULL,'2006',NULL,'S   ',NULL,NULL,NULL,NULL,NULL,NULL,NULL,NULL),(26715,'M',NULL,NULL,NULL,'24',NULL,'0699008280J',NULL,NULL,'2010-2008',NULL,'2006',NULL,'S   ',NULL,NULL,NULL,NULL,NULL,NULL,NULL,NULL),(26716,'M',NULL,NULL,NULL,'25',NULL,'0698010992A',NULL,NULL,'2010-2008','Contremaîtres, agents de maîtrise','2005',NULL,'S   ',NULL,NULL,NULL,NULL,NULL,NULL,NULL,NULL),(26717,'M',NULL,NULL,NULL,'25',NULL,'2198010323F',NULL,NULL,'2010-2008','Anciens cadres et professions intermédiaires','2005',NULL,'S   ',NULL,NULL,NULL,NULL,NULL,NULL,NULL,NULL),(26718,'M',NULL,NULL,NULL,'25',NULL,'0697009575D',NULL,NULL,'2010-2008',NULL,'2004',NULL,'S   ',NULL,NULL,NULL,NULL,NULL,NULL,NULL,NULL),(26719,'M',NULL,NULL,NULL,'25',NULL,'0798017406Z',NULL,NULL,'2010-2008',NULL,'2005',NULL,'STI ',NULL,NULL,NULL,NULL,NULL,NULL,NULL,NULL),(26720,'M',NULL,NULL,NULL,'24',NULL,'0500026449K',NULL,NULL,'2010-2008',NULL,'2006',NULL,'S   ',NULL,NULL,NULL,NULL,NULL,NULL,NULL,NULL),(26721,'M',NULL,NULL,NULL,'27',NULL,'1703900237A',NULL,NULL,'2010-2008',NULL,'2004',NULL,'S   ',NULL,NULL,NULL,NULL,NULL,NULL,NULL,NULL),(26722,'M',NULL,NULL,NULL,'25',NULL,'1098033297D',NULL,NULL,'2010-2008',NULL,'2005',NULL,'S   ',NULL,NULL,NULL,NULL,NULL,NULL,NULL,NULL),(26723,'M',NULL,NULL,NULL,'25',NULL,'0698010649C',NULL,NULL,'2010-2008',NULL,'2005',NULL,'S   ',NULL,NULL,NULL,NULL,NULL,NULL,NULL,NULL),(26724,'M',NULL,NULL,NULL,'24',NULL,'0698010773M',NULL,NULL,'2010-2008',NULL,'2005',NULL,'S   ',NULL,NULL,NULL,NULL,NULL,NULL,NULL,NULL),(26725,'M',NULL,NULL,NULL,'25',NULL,'2005022859Y',NULL,NULL,'2010-2008','Professions libérales et assimilés','2005',NULL,'S   ',NULL,NULL,NULL,NULL,NULL,NULL,NULL,NULL),(26726,'M',NULL,NULL,NULL,'26',NULL,'2397012413A',NULL,NULL,'2010-2008','Professions libérales et assimilés','2005',NULL,'STI ',NULL,NULL,NULL,NULL,NULL,NULL,NULL,NULL),(26727,'M',NULL,NULL,NULL,'26',NULL,'2397014170K',NULL,NULL,'2010-2008','Techniciens','2004',NULL,'S   ',NULL,NULL,NULL,NULL,NULL,NULL,NULL,NULL),(26728,'M',NULL,NULL,NULL,'26',NULL,'2497046169U',NULL,NULL,'2010-2008','Techniciens','2004',NULL,'STL ',NULL,NULL,NULL,NULL,NULL,NULL,NULL,NULL),(26729,'M',NULL,NULL,NULL,'25',NULL,'1298007185A',NULL,NULL,'2010-2008',NULL,'2005',NULL,'S   ',NULL,NULL,NULL,NULL,NULL,NULL,NULL,NULL),(26730,'F',NULL,NULL,NULL,'25',NULL,'0597006939L',NULL,NULL,'2010-2008','Anciens cadres et professions intermédiaires','2004',NULL,'S   ',NULL,NULL,NULL,NULL,NULL,NULL,NULL,NULL),(26731,'M',NULL,NULL,NULL,'25',NULL,'1098050197Y',NULL,NULL,'2010-2008','Ouvriers qualifiés','2004',NULL,'S   ',NULL,NULL,NULL,NULL,NULL,NULL,NULL,NULL),(26732,'M',NULL,NULL,NULL,'26',NULL,'2497058183C',NULL,NULL,'2010-2008','Ouvriers qualifiés','2004',NULL,'S   ',NULL,NULL,NULL,NULL,NULL,NULL,NULL,NULL),(26733,'M',NULL,NULL,NULL,'26',NULL,'2297000405W',NULL,NULL,'2010-2008','Professions libérales et assimilés','2004',NULL,'S   ',NULL,NULL,NULL,NULL,NULL,NULL,NULL,NULL),(26734,'M',NULL,NULL,NULL,'26',NULL,'0697003129X',NULL,NULL,'2010-2008','Ouvriers non qualifiés','2004',NULL,'S   ',NULL,NULL,NULL,NULL,NULL,NULL,NULL,NULL),(26735,'M',NULL,NULL,NULL,'26',NULL,'0597004127E',NULL,NULL,'2010-2008',NULL,'2004',NULL,'S   ',NULL,NULL,NULL,NULL,NULL,NULL,NULL,NULL),(26736,'M',NULL,NULL,NULL,'25',NULL,'1499057138H',NULL,NULL,'2010-2008',NULL,'2005',NULL,'S   ',NULL,NULL,NULL,NULL,NULL,NULL,NULL,NULL),(26737,'M',NULL,NULL,NULL,'30',NULL,'0193026648Z',NULL,NULL,'2010-2008','Commerçants et assimilés','2003',NULL,'STI ',NULL,NULL,NULL,NULL,NULL,NULL,NULL,NULL),(26738,'M',NULL,NULL,NULL,'25',NULL,'2100001517V',NULL,NULL,'2010-2008',NULL,'2005',NULL,'S   ',NULL,NULL,NULL,NULL,NULL,NULL,NULL,NULL),(26739,'M',NULL,NULL,NULL,'25',NULL,'0497010383C',NULL,NULL,'2010-2008',NULL,'2004',NULL,'S   ',NULL,NULL,NULL,NULL,NULL,NULL,NULL,NULL),(26740,'M',NULL,NULL,NULL,'27',NULL,'0299070615F',NULL,NULL,'2010-2008',NULL,'2003',NULL,'S   ',NULL,NULL,NULL,NULL,NULL,NULL,NULL,NULL),(26841,'M',NULL,NULL,NULL,'27',NULL,'0603900683L',NULL,NULL,'2010-2008',NULL,'2004',NULL,'S   ',NULL,NULL,NULL,NULL,NULL,NULL,NULL,NULL),(26842,'M',NULL,NULL,NULL,'27',NULL,'073ZOF01R68',NULL,NULL,'2010-2008',NULL,'2004',NULL,'S   ',NULL,NULL,NULL,NULL,NULL,NULL,NULL,NULL),(26843,'M',NULL,NULL,NULL,'24',NULL,'0698003985J',NULL,NULL,'2010-2008',NULL,'2005',NULL,'S   ',NULL,NULL,NULL,NULL,NULL,NULL,NULL,NULL),(26844,'M',NULL,NULL,NULL,'26',NULL,'0497006309Z',NULL,NULL,'2010-2008',NULL,'2004',NULL,'S   ',NULL,NULL,NULL,NULL,NULL,NULL,NULL,NULL),(26845,'M',NULL,NULL,NULL,'28',NULL,'1495012058G',NULL,NULL,'2010-2008',NULL,'2004',NULL,'S   ',NULL,NULL,NULL,NULL,NULL,NULL,NULL,NULL),(26846,'M',NULL,NULL,NULL,'27',NULL,'1496007988P',NULL,NULL,'2010-2008',NULL,'2003',NULL,'STI ',NULL,NULL,NULL,NULL,NULL,NULL,NULL,NULL),(26847,'M',NULL,NULL,NULL,'28',NULL,'0DJADH0QOZ7',NULL,NULL,'2010-2008','Commerçants et assimilés','2003',NULL,'31',NULL,NULL,NULL,NULL,NULL,NULL,NULL,NULL),(26848,'M',NULL,NULL,NULL,'26',NULL,'0596015328Y',NULL,NULL,'2010-2008',NULL,'2003',NULL,'S   ',NULL,NULL,NULL,NULL,NULL,NULL,NULL,NULL),(26849,'F',NULL,NULL,NULL,'27',NULL,'2496019818V',NULL,NULL,'2010-2008',NULL,'2003',NULL,'S   ',NULL,NULL,NULL,NULL,NULL,NULL,NULL,NULL),(26850,'M',NULL,NULL,NULL,'25',NULL,'1497019487V',NULL,NULL,'2010-2008','Techniciens','2004',NULL,'S   ',NULL,NULL,NULL,NULL,NULL,NULL,NULL,NULL),(26851,'M',NULL,NULL,NULL,'27',NULL,'1797006724D',NULL,NULL,'2010-2008','Techniciens','2005',NULL,'S   ',NULL,NULL,NULL,NULL,NULL,NULL,NULL,NULL),(26852,'M',NULL,NULL,NULL,'25',NULL,'0698009470W',NULL,NULL,'2010-2008','Artisans','2005',NULL,'S   ',NULL,NULL,NULL,NULL,NULL,NULL,NULL,NULL),(26853,'M',NULL,NULL,NULL,'25',NULL,'1298017255W',NULL,NULL,'2010-2008','Ouvriers qualifiés','2005',NULL,'S   ',NULL,NULL,NULL,NULL,NULL,NULL,NULL,NULL),(26854,'M',NULL,NULL,NULL,'26',NULL,'1697025748E',NULL,NULL,'2010-2008',NULL,'2004',NULL,'S   ',NULL,NULL,NULL,NULL,NULL,NULL,NULL,NULL),(26855,'M',NULL,NULL,NULL,'25',NULL,'0698003734L',NULL,NULL,'2010-2008','Agriculteurs exploitants','2005',NULL,'S   ',NULL,NULL,NULL,NULL,NULL,NULL,NULL,NULL),(26856,'M',NULL,NULL,NULL,'25',NULL,'0198014663E',NULL,NULL,'2010-2008','Professions libérales et assimilés','2005',NULL,'S   ',NULL,NULL,NULL,NULL,NULL,NULL,NULL,NULL),(26857,'F',NULL,NULL,NULL,'25',NULL,'0998032114R',NULL,NULL,'2010-2008',NULL,'2005',NULL,'S   ',NULL,NULL,NULL,NULL,NULL,NULL,NULL,NULL),(26858,'M',NULL,NULL,NULL,'25',NULL,'0698011725X',NULL,NULL,'2010-2008','Techniciens','2005',NULL,'S   ',NULL,NULL,NULL,NULL,NULL,NULL,NULL,NULL),(26859,'M',NULL,NULL,NULL,'25',NULL,'2198027941F',NULL,NULL,'2010-2008',NULL,'2005',NULL,'S   ',NULL,NULL,NULL,NULL,NULL,NULL,NULL,NULL),(26860,'M',NULL,NULL,NULL,'24',NULL,'0698006427N',NULL,NULL,'2010-2008',NULL,'2005',NULL,'S   ',NULL,NULL,NULL,NULL,NULL,NULL,NULL,NULL),(26861,'M',NULL,NULL,NULL,'24',NULL,'1098031414G',NULL,NULL,'2010-2008','Ouvriers qualifiés','2005',NULL,'S   ',NULL,NULL,NULL,NULL,NULL,NULL,NULL,NULL),(26862,'F',NULL,NULL,NULL,'26',NULL,'0697010068P',NULL,NULL,'2010-2008','Personnels des services directs aux particuliers','2004',NULL,'S   ',NULL,NULL,NULL,NULL,NULL,NULL,NULL,NULL),(26863,'M',NULL,NULL,NULL,'26',NULL,'1598023903D',NULL,NULL,'2010-2008',NULL,'2004',NULL,'S   ',NULL,NULL,NULL,NULL,NULL,NULL,NULL,NULL),(26864,'M',NULL,NULL,NULL,'26',NULL,'0601020171V',NULL,NULL,'2010-2008','Professions libérales et assimilés','2004',NULL,'S   ',NULL,NULL,NULL,NULL,NULL,NULL,NULL,NULL),(26865,'M',NULL,NULL,NULL,'25',NULL,'0698008148J',NULL,NULL,'2010-2008',NULL,'2005',NULL,'STI ',NULL,NULL,NULL,NULL,NULL,NULL,NULL,NULL),(26866,'M',NULL,NULL,NULL,'25',NULL,'0698010901B',NULL,NULL,'2010-2008','Employés administratifs d\'entreprise','2005',NULL,'S   ',NULL,NULL,NULL,NULL,NULL,NULL,NULL,NULL),(26867,'M',NULL,NULL,NULL,'25',NULL,'0697001686D',NULL,NULL,'2010-2008','Anciens employés et ouvriers','2004',NULL,'S   ',NULL,NULL,NULL,NULL,NULL,NULL,NULL,NULL),(26868,'M',NULL,NULL,NULL,'25',NULL,'1098000691M',NULL,NULL,'2010-2008','Employés de commerce','2005',NULL,'S   ',NULL,NULL,NULL,NULL,NULL,NULL,NULL,NULL),(26869,'M',NULL,NULL,NULL,'25',NULL,'2298006777D',NULL,NULL,'2010-2008',NULL,'2005',NULL,'S   ',NULL,NULL,NULL,NULL,NULL,NULL,NULL,NULL),(26870,'M',NULL,NULL,NULL,'25',NULL,'2098027047G',NULL,NULL,'2010-2008',NULL,'2005',NULL,'S   ',NULL,NULL,NULL,NULL,NULL,NULL,NULL,NULL),(26871,'M',NULL,NULL,NULL,'25',NULL,'1003013993B',NULL,NULL,'2010-2008','Techniciens','2005',NULL,'S   ',NULL,NULL,NULL,NULL,NULL,NULL,NULL,NULL),(26872,'M',NULL,NULL,NULL,'25',NULL,'0698006855D',NULL,NULL,'2010-2008',NULL,'2005',NULL,'S   ',NULL,NULL,NULL,NULL,NULL,NULL,NULL,NULL),(26873,'M',NULL,NULL,NULL,'25',NULL,'0698006209B',NULL,NULL,'2010-2008',NULL,'2005',NULL,'S   ',NULL,NULL,NULL,NULL,NULL,NULL,NULL,NULL),(26874,'M',NULL,NULL,NULL,'26',NULL,'0600009934L',NULL,NULL,'2010-2008','Personnels des services directs aux particuliers','2005',NULL,'S   ',NULL,NULL,NULL,NULL,NULL,NULL,NULL,NULL),(26875,'M',NULL,NULL,NULL,'27',NULL,'2599062557X',NULL,NULL,'2010-2008','Agriculteurs exploitants','2003',NULL,'STI ',NULL,NULL,NULL,NULL,NULL,NULL,NULL,NULL),(26876,'M',NULL,NULL,NULL,'27',NULL,'1196020661H',NULL,NULL,'2010-2008','Commerçants et assimilés','2003',NULL,'S   ',NULL,NULL,NULL,NULL,NULL,NULL,NULL,NULL),(26877,'M',NULL,NULL,NULL,'25',NULL,'1798021942B',NULL,NULL,'2010-2008',NULL,'2005',NULL,'S   ',NULL,NULL,NULL,NULL,NULL,NULL,NULL,NULL),(26878,'M',NULL,NULL,NULL,'26',NULL,'1104033484W',NULL,NULL,'2010-2008','Anciens cadres et professions intermédiaires','2004',NULL,'S   ',NULL,NULL,NULL,NULL,NULL,NULL,NULL,NULL),(26879,'M',NULL,NULL,NULL,'25',NULL,'1498022201B',NULL,NULL,'2010-2008',NULL,'2005',NULL,'S   ',NULL,NULL,NULL,NULL,NULL,NULL,NULL,NULL),(26880,'M',NULL,NULL,NULL,'26',NULL,'2297002291W',NULL,NULL,'2010-2008','Inactifs divers (autres que retraités)','2005',NULL,'S   ',NULL,NULL,NULL,NULL,NULL,NULL,NULL,NULL),(26881,'M',NULL,NULL,NULL,'25',NULL,'1298013979K',NULL,NULL,'2010-2008','Artisans','2005',NULL,'S   ',NULL,NULL,NULL,NULL,NULL,NULL,NULL,NULL),(26882,'M',NULL,NULL,NULL,'26',NULL,'1301018634P',NULL,NULL,'2010-2008','Employés administratifs d\'entreprise','2005',NULL,'S   ',NULL,NULL,NULL,NULL,NULL,NULL,NULL,NULL),(26883,'M',NULL,NULL,NULL,'25',NULL,'1698015275C',NULL,NULL,'2010-2008',NULL,'2005',NULL,'S   ',NULL,NULL,NULL,NULL,NULL,NULL,NULL,NULL),(26884,'M',NULL,NULL,NULL,'26',NULL,'0197917952J',NULL,NULL,'2010-2008',NULL,'2004',NULL,'S   ',NULL,NULL,NULL,NULL,NULL,NULL,NULL,NULL),(26885,'M',NULL,NULL,NULL,'28',NULL,'0695012428S',NULL,NULL,'2010-2008','Employés de commerce','2004',NULL,'STI ',NULL,NULL,NULL,NULL,NULL,NULL,NULL,NULL),(26886,'M',NULL,NULL,NULL,'27',NULL,'1899039886P',NULL,NULL,'2010-2008',NULL,'2003',NULL,'S   ',NULL,NULL,NULL,NULL,NULL,NULL,NULL,NULL),(26887,'M',NULL,NULL,NULL,'25',NULL,'0697001391H',NULL,NULL,'2010-2008','Ouvriers qualifiés','2005',NULL,'S   ',NULL,NULL,NULL,NULL,NULL,NULL,NULL,NULL),(26888,'M',NULL,NULL,NULL,'25',NULL,'0702010010J',NULL,NULL,'2010-2008',NULL,'2005',NULL,'S   ',NULL,NULL,NULL,NULL,NULL,NULL,NULL,NULL),(26889,'F',NULL,NULL,NULL,'25',NULL,'1298028382R',NULL,NULL,'2010-2008',NULL,'2005',NULL,'S   ',NULL,NULL,NULL,NULL,NULL,NULL,NULL,NULL),(26890,'M',NULL,NULL,NULL,'24',NULL,'1899011214Z',NULL,NULL,'2010-2008',NULL,'2006',NULL,'S   ',NULL,NULL,NULL,NULL,NULL,NULL,NULL,NULL),(26891,'M',NULL,NULL,NULL,'26',NULL,'2297001832X',NULL,NULL,'2010-2008','Anciens cadres et professions intermédiaires','2004',NULL,'S   ',NULL,NULL,NULL,NULL,NULL,NULL,NULL,NULL),(26892,'M',NULL,NULL,NULL,'24',NULL,'1199002679G',NULL,NULL,'2010-2008','Artisans','2006',NULL,'S   ',NULL,NULL,NULL,NULL,NULL,NULL,NULL,NULL),(26893,'M',NULL,NULL,NULL,'25',NULL,'0600024461B',NULL,NULL,'2010-2008',NULL,'2005',NULL,'S   ',NULL,NULL,NULL,NULL,NULL,NULL,NULL,NULL),(26894,'M',NULL,NULL,NULL,'25',NULL,'1098022217K',NULL,NULL,'2010-2008',NULL,'2005',NULL,'S   ',NULL,NULL,NULL,NULL,NULL,NULL,NULL,NULL),(26895,'M',NULL,NULL,NULL,'26',NULL,'0697010073V',NULL,NULL,'2010-2008','Techniciens','2005',NULL,'S   ',NULL,NULL,NULL,NULL,NULL,NULL,NULL,NULL),(26896,'M',NULL,NULL,NULL,'23',NULL,'1899031741L',NULL,NULL,'2010-2008',NULL,'2006',NULL,'S   ',NULL,NULL,NULL,NULL,NULL,NULL,NULL,NULL),(26897,'M',NULL,NULL,NULL,'25',NULL,'0698003294H',NULL,NULL,'2010-2008',NULL,'2005',NULL,'S   ',NULL,NULL,NULL,NULL,NULL,NULL,NULL,NULL),(26898,'M',NULL,NULL,NULL,'26',NULL,'0697014303T',NULL,NULL,'2010-2008',NULL,'2005',NULL,'STI ',NULL,NULL,NULL,NULL,NULL,NULL,NULL,NULL),(26899,'M',NULL,NULL,NULL,'24',NULL,'0899010588X',NULL,NULL,'2010-2008',NULL,'2006',NULL,'S   ',NULL,NULL,NULL,NULL,NULL,NULL,NULL,NULL),(26900,'M',NULL,NULL,NULL,'24',NULL,'0699017626T',NULL,NULL,'2010-2008','Personnels des services directs aux particuliers','2006',NULL,'STI ',NULL,NULL,NULL,NULL,NULL,NULL,NULL,NULL),(26901,'M',NULL,NULL,NULL,'24',NULL,'0699006253F',NULL,NULL,'2010-2008',NULL,'2006',NULL,'S   ',NULL,NULL,NULL,NULL,NULL,NULL,NULL,NULL),(26902,'M',NULL,NULL,NULL,'24',NULL,'0299003930X',NULL,NULL,'2010-2008','Chefs d\'entreprise de 10 salariés ou plus','2006',NULL,'S   ',NULL,NULL,NULL,NULL,NULL,NULL,NULL,NULL),(26903,'M',NULL,NULL,NULL,'27',NULL,'0696006861X',NULL,NULL,'2010-2008','Commerçants et assimilés','2004',NULL,'ES  ',NULL,NULL,NULL,NULL,NULL,NULL,NULL,NULL),(26904,'M',NULL,NULL,NULL,'24',NULL,'3299002441U',NULL,NULL,'2010-2008',NULL,'2006',NULL,'S   ',NULL,NULL,NULL,NULL,NULL,NULL,NULL,NULL),(26905,'M',NULL,NULL,NULL,'25',NULL,'2598028673K',NULL,NULL,'2010-2008',NULL,'2005',NULL,'STI ',NULL,NULL,NULL,NULL,NULL,NULL,NULL,NULL),(26906,'M',NULL,NULL,NULL,'24',NULL,'0699004424T',NULL,NULL,'2010-2008','Anciens artisans, commerçants, chefs d\'entreprise','2006',NULL,'S   ',NULL,NULL,NULL,NULL,NULL,NULL,NULL,NULL),(26907,'M',NULL,NULL,NULL,'27',NULL,'2096022124T',NULL,NULL,'2010-2008','Ouvriers qualifiés','2003',NULL,'ES  ',NULL,NULL,NULL,NULL,NULL,NULL,NULL,NULL),(26908,'F',NULL,NULL,NULL,'25',NULL,'2404014995C',NULL,NULL,'2010-2008',NULL,'2006',NULL,'S   ',NULL,NULL,NULL,NULL,NULL,NULL,NULL,NULL),(26909,'M',NULL,NULL,NULL,'24',NULL,'2499027699F',NULL,NULL,'2010-2008',NULL,'2006',NULL,'S   ',NULL,NULL,NULL,NULL,NULL,NULL,NULL,NULL),(26910,'M',NULL,NULL,NULL,'24',NULL,'0699009604Y',NULL,NULL,'2010-2008','Techniciens','2006',NULL,'S   ',NULL,NULL,NULL,NULL,NULL,NULL,NULL,NULL),(26911,'M',NULL,NULL,NULL,'24',NULL,'1699032028U',NULL,NULL,'2010-2008',NULL,'2006',NULL,'S   ',NULL,NULL,NULL,NULL,NULL,NULL,NULL,NULL),(26912,'M',NULL,NULL,NULL,'26',NULL,'0697009376M',NULL,NULL,'2010-2008',NULL,'2004',NULL,'S   ',NULL,NULL,NULL,NULL,NULL,NULL,NULL,NULL),(26913,'M',NULL,NULL,NULL,'26',NULL,'0697011009M',NULL,NULL,'2010-2008','Ouvriers non qualifiés','2004',NULL,'S   ',NULL,NULL,NULL,NULL,NULL,NULL,NULL,NULL),(26914,'M',NULL,NULL,NULL,'25',NULL,'0299066949W',NULL,NULL,'2010-2008',NULL,'2005',NULL,'S   ',NULL,NULL,NULL,NULL,NULL,NULL,NULL,NULL),(26915,'M',NULL,NULL,NULL,'23',NULL,'0299006432S',NULL,NULL,'2010-2008',NULL,'2006',NULL,'S   ',NULL,NULL,NULL,NULL,NULL,NULL,NULL,NULL),(26916,'M',NULL,NULL,NULL,'25',NULL,'0598022355Z',NULL,NULL,'2010-2008','Techniciens','2005',NULL,'S   ',NULL,NULL,NULL,NULL,NULL,NULL,NULL,NULL),(26917,'M',NULL,NULL,NULL,'25',NULL,'0298021515E',NULL,NULL,'2010-2008',NULL,'2005',NULL,'S   ',NULL,NULL,NULL,NULL,NULL,NULL,NULL,NULL),(26918,'F',NULL,NULL,NULL,'25',NULL,'0698001932C',NULL,NULL,'2010-2008','Agriculteurs exploitants','2005',NULL,'S   ',NULL,NULL,NULL,NULL,NULL,NULL,NULL,NULL),(26919,'M',NULL,NULL,NULL,'25',NULL,'1598012089M',NULL,NULL,'2010-2008',NULL,'2005',NULL,'STI ',NULL,NULL,NULL,NULL,NULL,NULL,NULL,NULL),(26920,'M',NULL,NULL,NULL,'24',NULL,'0699013738S',NULL,NULL,'2010-2008',NULL,'2006',NULL,'S   ',NULL,NULL,NULL,NULL,NULL,NULL,NULL,NULL),(26921,'M',NULL,NULL,NULL,'24',NULL,'0699003879A',NULL,NULL,'2010-2008',NULL,'2006',NULL,'S   ',NULL,NULL,NULL,NULL,NULL,NULL,NULL,NULL),(26922,'M',NULL,NULL,NULL,'24',NULL,'1799033622D',NULL,NULL,'2010-2008','Techniciens','2006',NULL,'S   ',NULL,NULL,NULL,NULL,NULL,NULL,NULL,NULL),(26923,'M',NULL,NULL,NULL,'25',NULL,'0498018075V',NULL,NULL,'2010-2008',NULL,'2006',NULL,'S   ',NULL,NULL,NULL,NULL,NULL,NULL,NULL,NULL),(26924,'F',NULL,NULL,NULL,'24',NULL,'0299023000A',NULL,NULL,'2010-2008',NULL,'2006',NULL,'S   ',NULL,NULL,NULL,NULL,NULL,NULL,NULL,NULL),(26925,'M',NULL,NULL,NULL,'26',NULL,'0699021583U',NULL,NULL,'2010-2008','Techniciens','2004',NULL,'S   ',NULL,NULL,NULL,NULL,NULL,NULL,NULL,NULL),(26926,'M',NULL,NULL,NULL,'24',NULL,'1898029156V',NULL,NULL,'2010-2008',NULL,'2005',NULL,'S   ',NULL,NULL,NULL,NULL,NULL,NULL,NULL,NULL),(26927,'M',NULL,NULL,NULL,'25',NULL,'0998043549V',NULL,NULL,'2010-2008',NULL,'2005',NULL,'S   ',NULL,NULL,NULL,NULL,NULL,NULL,NULL,NULL),(26928,'M',NULL,NULL,NULL,'27',NULL,'1796014830H',NULL,NULL,'2010-2008',NULL,'2004',NULL,'S   ',NULL,NULL,NULL,NULL,NULL,NULL,NULL,NULL),(26929,'M',NULL,NULL,NULL,'25',NULL,'1198019779M',NULL,NULL,'2010-2008',NULL,'2005',NULL,'S   ',NULL,NULL,NULL,NULL,NULL,NULL,NULL,NULL),(26930,'M',NULL,NULL,NULL,'25',NULL,'0699019815X',NULL,NULL,'2010-2008',NULL,'2005',NULL,'S   ',NULL,NULL,NULL,NULL,NULL,NULL,NULL,NULL),(26931,'M',NULL,NULL,NULL,'24',NULL,'1100056983M',NULL,NULL,'2010-2008',NULL,'2006',NULL,'S   ',NULL,NULL,NULL,NULL,NULL,NULL,NULL,NULL),(26932,'M',NULL,NULL,NULL,'25',NULL,'1398017666V',NULL,NULL,'2010-2008',NULL,'2005',NULL,'S   ',NULL,NULL,NULL,NULL,NULL,NULL,NULL,NULL),(26933,'M',NULL,NULL,NULL,'26',NULL,'0699021945M',NULL,NULL,'2010-2008',NULL,'2004',NULL,'S   ',NULL,NULL,NULL,NULL,NULL,NULL,NULL,NULL),(26934,'M',NULL,NULL,NULL,'25',NULL,'2498025499H',NULL,NULL,'2010-2008','Anciens employés et ouvriers','2005',NULL,'S   ',NULL,NULL,NULL,NULL,NULL,NULL,NULL,NULL),(26935,'M',NULL,NULL,NULL,'25',NULL,'0798020443A',NULL,NULL,'2010-2008',NULL,'2005',NULL,'S   ',NULL,NULL,NULL,NULL,NULL,NULL,NULL,NULL),(26936,'M',NULL,NULL,NULL,'25',NULL,'0698002796S',NULL,NULL,'2010-2008','Ouvriers qualifiés','2005',NULL,'S   ',NULL,NULL,NULL,NULL,NULL,NULL,NULL,NULL),(26937,'M',NULL,NULL,NULL,'26',NULL,'0DJADF0KUP5',NULL,NULL,'2010-2008','Anciens cadres et professions intermédiaires','2004',NULL,'S   ',NULL,NULL,NULL,NULL,NULL,NULL,NULL,NULL),(26938,'M',NULL,NULL,NULL,'25',NULL,'2298001277A',NULL,NULL,'2010-2008','Techniciens','2005',NULL,'S   ',NULL,NULL,NULL,NULL,NULL,NULL,NULL,NULL),(26939,'M',NULL,NULL,NULL,'27',NULL,'0DJADD0E8L1',NULL,NULL,'2010-2008','Inactifs divers (autres que retraités)','2003',NULL,'S   ',NULL,NULL,NULL,NULL,NULL,NULL,NULL,NULL),(26940,'M',NULL,NULL,NULL,'26',NULL,'0697003437G',NULL,NULL,'2010-2008','Anciens cadres et professions intermédiaires','2004',NULL,'S   ',NULL,NULL,NULL,NULL,NULL,NULL,NULL,NULL),(26941,'M',NULL,NULL,NULL,'26',NULL,'0697005506F',NULL,NULL,'2010-2008','Professions libérales et assimilés','2004',NULL,'S   ',NULL,NULL,NULL,NULL,NULL,NULL,NULL,NULL),(26942,'M',NULL,NULL,NULL,'25',NULL,'1398019877Y',NULL,NULL,'2010-2008','Contremaîtres, agents de maîtrise','2005',NULL,'S   ',NULL,NULL,NULL,NULL,NULL,NULL,NULL,NULL),(26943,'F',NULL,NULL,NULL,'24',NULL,'0698001188U',NULL,NULL,'2010-2008','Chefs d\'entreprise de 10 salariés ou plus','2005',NULL,'S   ',NULL,NULL,NULL,NULL,NULL,NULL,NULL,NULL),(26944,'M',NULL,NULL,NULL,'25',NULL,'1098040214X',NULL,NULL,'2010-2008','Agriculteurs exploitants','2005',NULL,'S   ',NULL,NULL,NULL,NULL,NULL,NULL,NULL,NULL),(26945,'M',NULL,NULL,NULL,'25',NULL,'0600020995J',NULL,NULL,'2010-2008',NULL,'2005',NULL,'S   ',NULL,NULL,NULL,NULL,NULL,NULL,NULL,NULL),(26946,'M',NULL,NULL,NULL,'25',NULL,'2499070105Z',NULL,NULL,'2010-2008','Agriculteurs exploitants','2005',NULL,'S   ',NULL,NULL,NULL,NULL,NULL,NULL,NULL,NULL),(26947,'M',NULL,NULL,NULL,'25',NULL,'0598039972Y',NULL,NULL,'2010-2008',NULL,'2005',NULL,'S   ',NULL,NULL,NULL,NULL,NULL,NULL,NULL,NULL),(26948,'F',NULL,NULL,NULL,'24',NULL,'0299009557N',NULL,NULL,'2010-2008','Techniciens','2006',NULL,'S   ',NULL,NULL,NULL,NULL,NULL,NULL,NULL,NULL),(26949,'M',NULL,NULL,NULL,'24',NULL,'1099005962Y',NULL,NULL,'2010-2008','Techniciens','2006',NULL,'S   ',NULL,NULL,NULL,NULL,NULL,NULL,NULL,NULL),(26950,'M',NULL,NULL,NULL,'25',NULL,'2598033697W',NULL,NULL,'2010-2008','Anciens artisans, commerçants, chefs d\'entreprise','2006',NULL,'STI ',NULL,NULL,NULL,NULL,NULL,NULL,NULL,NULL),(26951,'M',NULL,NULL,NULL,'24',NULL,'0698002100K',NULL,NULL,'2010-2008','Ouvriers qualifiés','2005',NULL,'S   ',NULL,NULL,NULL,NULL,NULL,NULL,NULL,NULL),(26952,'M',NULL,NULL,NULL,'24',NULL,'1698018201H',NULL,NULL,'2010-2008',NULL,'2006',NULL,'STI ',NULL,NULL,NULL,NULL,NULL,NULL,NULL,NULL),(26953,'M',NULL,NULL,NULL,'22',NULL,'0499042908U',NULL,NULL,'2010-2008',NULL,'2006',NULL,'S   ',NULL,NULL,NULL,NULL,NULL,NULL,NULL,NULL),(26954,'M',NULL,NULL,NULL,'25',NULL,'0698001566E',NULL,NULL,'2010-2008','Anciens employés et ouvriers','2005',NULL,'S   ',NULL,NULL,NULL,NULL,NULL,NULL,NULL,NULL),(26955,'M',NULL,NULL,NULL,'24',NULL,'1799011994V',NULL,NULL,'2010-2008',NULL,'2006',NULL,'S   ',NULL,NULL,NULL,NULL,NULL,NULL,NULL,NULL),(26956,'M',NULL,NULL,NULL,'24',NULL,'0499014102H',NULL,NULL,'2010-2008',NULL,'2006',NULL,'STI ',NULL,NULL,NULL,NULL,NULL,NULL,NULL,NULL),(26957,'M',NULL,NULL,NULL,'24',NULL,'1700096515V',NULL,NULL,'2010-2008',NULL,'2005',NULL,'S   ',NULL,NULL,NULL,NULL,NULL,NULL,NULL,NULL),(26958,'M',NULL,NULL,NULL,'24',NULL,'0899013701F',NULL,NULL,'2010-2008','Chefs d\'entreprise de 10 salariés ou plus','2006',NULL,'S   ',NULL,NULL,NULL,NULL,NULL,NULL,NULL,NULL),(26959,'M',NULL,NULL,NULL,'24',NULL,'1599002341Y',NULL,NULL,'2010-2008',NULL,'2006',NULL,'S   ',NULL,NULL,NULL,NULL,NULL,NULL,NULL,NULL),(26960,'M',NULL,NULL,NULL,'24',NULL,'0199108630Z',NULL,NULL,'2010-2008','Professions intermédiaires administratives et commerciales des entreprises','2006',NULL,'S   ',NULL,NULL,NULL,NULL,NULL,NULL,NULL,NULL),(26961,'M',NULL,NULL,NULL,'25',NULL,'0405900191K',NULL,NULL,'2010-2008',NULL,'2006',NULL,'S   ',NULL,NULL,NULL,NULL,NULL,NULL,NULL,NULL),(26962,'F',NULL,NULL,NULL,'24',NULL,'2106015514Y',NULL,NULL,'2010-2008',NULL,'2006',NULL,'S   ',NULL,NULL,NULL,NULL,NULL,NULL,NULL,NULL),(26963,'M',NULL,NULL,NULL,'27',NULL,'1499058531X',NULL,NULL,'2010-2008',NULL,'2005',NULL,'ES  ',NULL,NULL,NULL,NULL,NULL,NULL,NULL,NULL),(26964,'M',NULL,NULL,NULL,'24',NULL,'1899020235E',NULL,NULL,'2010-2008',NULL,'2006',NULL,'S   ',NULL,NULL,NULL,NULL,NULL,NULL,NULL,NULL),(26965,'M',NULL,NULL,NULL,'24',NULL,'1699015616E',NULL,NULL,'2010-2008',NULL,'2006',NULL,'S   ',NULL,NULL,NULL,NULL,NULL,NULL,NULL,NULL),(26966,'M',NULL,NULL,NULL,'25',NULL,'1198025296J',NULL,NULL,'2010-2008',NULL,'2006',NULL,'STI ',NULL,NULL,NULL,NULL,NULL,NULL,NULL,NULL),(26967,'M',NULL,NULL,NULL,'24',NULL,'1099051213J',NULL,NULL,'2010-2008','Ouvriers qualifiés','2006',NULL,'S   ',NULL,NULL,NULL,NULL,NULL,NULL,NULL,NULL),(26968,'M',NULL,NULL,NULL,'25',NULL,'2306000284Y',NULL,NULL,'2010-2008',NULL,'2006',NULL,'S   ',NULL,NULL,NULL,NULL,NULL,NULL,NULL,NULL),(26969,'M',NULL,NULL,NULL,'25',NULL,'1498006299S',NULL,NULL,'2010-2008','Techniciens','2005',NULL,'S   ',NULL,NULL,NULL,NULL,NULL,NULL,NULL,NULL),(26970,'F',NULL,NULL,NULL,'25',NULL,'0998067345K',NULL,NULL,'2010-2008',NULL,'2005',NULL,'S   ',NULL,NULL,NULL,NULL,NULL,NULL,NULL,NULL),(26971,'M',NULL,NULL,NULL,'27',NULL,'0095001068F',NULL,NULL,'2010-2008',NULL,'2004',NULL,'S   ',NULL,NULL,NULL,NULL,NULL,NULL,NULL,NULL),(26972,'M',NULL,NULL,NULL,'27',NULL,'1696008774Y',NULL,NULL,'2010-2008',NULL,'2003',NULL,'S   ',NULL,NULL,NULL,NULL,NULL,NULL,NULL,NULL);
/*!40000 ALTER TABLE `faits` ENABLE KEYS */;
UNLOCK TABLES;

--
-- Table structure for table `nationalite`
--

DROP TABLE IF EXISTS `nationalite`;
/*!40101 SET @saved_cs_client     = @@character_set_client */;
/*!40101 SET character_set_client = utf8 */;
CREATE TABLE `nationalite` (
  `nationalite` varchar(50) NOT NULL,
  `nationaliteType` varchar(50) DEFAULT 'non renseigné',
  PRIMARY KEY (`nationalite`)
) ENGINE=InnoDB DEFAULT CHARSET=latin1;
/*!40101 SET character_set_client = @saved_cs_client */;

--
-- Dumping data for table `nationalite`
--

LOCK TABLES `nationalite` WRITE;
/*!40000 ALTER TABLE `nationalite` DISABLE KEYS */;
INSERT INTO `nationalite` VALUES ('ALGERIEN(NE)','ETRANGER(E)'),('AMERICAIN(E)','ETRANGER(E)'),('BENINOIS(E)','ETRANGER(E)'),('BRESILIEN(NE)','ETRANGER(E)'),('BRITANNIQUE','ETRANGER(E)'),('BURKINABE','ETRANGER(E)'),('BURUNDAIS(E)','ETRANGER(E)'),('CAMEROUNAIS(E)','ETRANGER(E)'),('CENTRAFRICAIN(E)','ETRANGER(E)'),('CHINOIS(E)','ETRANGER(E)'),('COLOMBIEN(NE)','ETRANGER(E)'),('FRANCAIS(E)','FRANCAIS(E)'),('GABONAIS(E)','ETRANGER(E)'),('GUINEEN(NE)','ETRANGER(E)'),('INDIEN(NE)','ETRANGER(E)'),('IVOIRIEN(NE)','ETRANGER(E)'),('KAZAKH','ETRANGER(E)'),('LIBANAIS(E)','ETRANGER(E)'),('MAROCAIN(E)','ETRANGER(E)'),('MAURITANIEN(NE)','ETRANGER(E)'),('MEXICAIN(E)','ETRANGER(E)'),('SENEGALAIS(E)','ETRANGER(E)'),('SUD COREEN(NE)','ETRANGER(E)'),('TOGOLAIS(E)','ETRANGER(E)'),('TUNISIEN(NE)','ETRANGER(E)'),('VIETNAMIEN(NE)','ETRANGER(E)');
/*!40000 ALTER TABLE `nationalite` ENABLE KEYS */;
UNLOCK TABLES;

--
-- Table structure for table `niveau`
--

DROP TABLE IF EXISTS `niveau`;
/*!40101 SET @saved_cs_client     = @@character_set_client */;
/*!40101 SET character_set_client = utf8 */;
CREATE TABLE `niveau` (
  `niveau` varchar(50) NOT NULL,
  `filiere` varchar(50) DEFAULT 'non renseigné',
  `annee` varchar(50) DEFAULT 'non renseigné',
  PRIMARY KEY (`niveau`)
) ENGINE=InnoDB DEFAULT CHARSET=latin1;
/*!40101 SET character_set_client = @saved_cs_client */;

--
-- Dumping data for table `niveau`
--

LOCK TABLES `niveau` WRITE;
/*!40000 ALTER TABLE `niveau` DISABLE KEYS */;
/*!40000 ALTER TABLE `niveau` ENABLE KEYS */;
UNLOCK TABLES;

--
-- Table structure for table `provenancescolaire`
--

DROP TABLE IF EXISTS `provenancescolaire`;
/*!40101 SET @saved_cs_client     = @@character_set_client */;
/*!40101 SET character_set_client = utf8 */;
CREATE TABLE `provenancescolaire` (
  `provenance` varchar(50) NOT NULL,
  `provType` varchar(50) DEFAULT 'non renseigné',
  `niveauBac` varchar(50) DEFAULT 'non renseigné',
  PRIMARY KEY (`provenance`)
) ENGINE=InnoDB DEFAULT CHARSET=latin1;
/*!40101 SET character_set_client = @saved_cs_client */;

--
-- Dumping data for table `provenancescolaire`
--

LOCK TABLES `provenancescolaire` WRITE;
/*!40000 ALTER TABLE `provenancescolaire` DISABLE KEYS */;
/*!40000 ALTER TABLE `provenancescolaire` ENABLE KEYS */;
UNLOCK TABLES;
/*!40103 SET TIME_ZONE=@OLD_TIME_ZONE */;

/*!40101 SET SQL_MODE=@OLD_SQL_MODE */;
/*!40014 SET FOREIGN_KEY_CHECKS=@OLD_FOREIGN_KEY_CHECKS */;
/*!40014 SET UNIQUE_CHECKS=@OLD_UNIQUE_CHECKS */;
/*!40101 SET CHARACTER_SET_CLIENT=@OLD_CHARACTER_SET_CLIENT */;
/*!40101 SET CHARACTER_SET_RESULTS=@OLD_CHARACTER_SET_RESULTS */;
/*!40101 SET COLLATION_CONNECTION=@OLD_COLLATION_CONNECTION */;
/*!40111 SET SQL_NOTES=@OLD_SQL_NOTES */;

-- Dump completed on 2012-06-06  9:34:02
